CustomerID,Recency,Frequency,Monetary,AveragePurchaseValue,CustomerLifetimeValue
12346,326,1,77183.6,77183.6,77183.6
12347,2,7,4310.0,23.681318681318682,4310.0
12348,75,4,1797.24,57.97548387096774,1797.24
12349,19,1,1757.55,24.076027397260273,1757.55
12350,310,1,334.4,19.670588235294115,334.4
12352,36,8,2506.04,29.482823529411764,2506.04
12353,204,1,89.0,22.25,89.0
12354,232,1,1079.4,18.610344827586207,1079.4
12355,214,1,459.4,35.33846153846154,459.4
12356,23,3,2811.43,47.65135593220339,2811.43
12357,33,1,6207.67,47.38679389312977,6207.67
12358,2,2,1168.06,61.47684210526315,1168.06
12359,58,4,6310.03,25.755224489795918,6310.03
12360,52,3,2662.06,20.63612403100775,2662.06
12361,287,1,189.9,18.990000000000002,189.9
12362,3,10,5226.23,19.647481203007516,5226.23
12363,110,2,552.0,24.0,552.0
12364,8,4,1313.1,15.448235294117646,1313.1
12365,291,2,641.38,29.153636363636362,641.38
12367,4,1,168.9,15.354545454545455,168.9
12370,51,4,3541.94,21.33698795180723,3541.94
12371,45,2,1887.96,29.96761904761905,1887.96
12372,72,3,1298.04,24.962307692307693,1298.04
12373,311,1,364.6,26.042857142857144,364.6
12374,25,1,742.9300000000001,22.513030303030305,742.9300000000001
12375,11,2,457.5,26.91176470588235,457.5
12377,315,2,1628.12,21.144415584415583,1628.12
12378,130,1,4008.62,18.30420091324201,4008.62
12379,82,2,852.24,21.306,852.24
12380,22,4,2724.81,26.200096153846154,2724.81
12381,5,5,1845.31,21.21045977011494,1845.31
12383,185,5,1850.56,18.69252525252525,1850.56
12384,29,2,585.27,21.676666666666666,585.27
12386,338,2,401.9,40.19,401.9
12388,16,6,2780.66,27.8066,2780.66
12390,80,1,549.84,17.1825,549.84
12391,22,1,439.66,4.72752688172043,439.66
12393,72,4,1582.6000000000001,24.728125000000002,1582.6000000000001
12394,64,2,1272.48,47.12888888888889,1272.48
12395,19,12,3018.63,19.350192307692307,3018.63
12397,36,2,2409.9,19.126190476190477,2409.9
12398,46,1,1635.6599999999999,19.24305882352941,1635.6599999999999
12399,119,4,1108.65,18.790677966101697,1108.65
12401,303,1,84.3,16.86,84.3
12402,323,1,225.6,20.509090909090908,225.6
12403,50,1,427.7,85.53999999999999,427.7
12405,149,1,1710.39,31.67388888888889,1710.39
12406,22,2,3415.3,32.52666666666667,3415.3
12407,50,5,1708.1200000000001,22.183376623376624,1708.1200000000001
12408,33,5,2888.55,27.51,2888.55
12409,79,3,11072.67,101.58412844036697,11072.67
12410,309,2,693.3299999999999,26.666538461538458,693.3299999999999
12412,75,3,1226.88,20.112786885245903,1226.88
12413,67,3,758.1,19.95,758.1
12414,217,3,562.41,31.244999999999997,562.41
12415,24,21,124914.53,174.95032212885152,124914.53
12417,3,9,3649.1,19.005729166666665,3649.1
12418,113,1,668.58,19.664117647058823,668.58
12420,64,1,600.39,20.70310344827586,600.39
12421,16,4,807.04,17.93422222222222,807.04
12422,96,3,803.5600000000001,20.604102564102565,803.5600000000001
12423,1,8,1859.31,14.87448,1859.31
12424,163,2,1760.96,58.69866666666667,1760.96
12425,78,1,777.2,21.58888888888889,777.2
12426,195,1,582.73,19.424333333333333,582.73
12427,22,3,825.8,26.638709677419353,825.8
12428,26,9,7956.46,27.062789115646257,7956.46
12429,9,4,3750.4,38.66391752577319,3750.4
12430,43,1,256.4,23.30909090909091,256.4
12431,36,15,6419.95,27.43568376068376,6419.95
12432,43,5,5059.32,46.845555555555556,5059.32
12433,1,7,13375.87,31.847309523809525,13375.87
12434,85,2,806.14,16.122799999999998,806.14
12435,80,2,7829.89,217.49694444444447,7829.89
12436,100,1,509.01,31.813125,509.01
12437,2,18,4951.41,24.88145728643216,4951.41
12438,14,2,2906.85,29.66173469387755,2906.85
12441,367,1,173.55,15.77727272727273,173.55
12442,3,1,172.06,14.338333333333333,172.06
12444,21,5,5005.46,28.440113636363638,5005.46
12445,22,1,133.4,33.35,133.4
12446,58,1,1002.3100000000001,17.584385964912283,1002.3100000000001
12447,243,1,476.49,18.326538461538462,476.49
12448,44,1,449.45,20.429545454545455,449.45
12449,22,4,4067.29,21.294712041884818,4067.29
12450,156,2,197.88,24.735,197.88
12451,11,5,9035.52,25.524067796610172,9035.52
12452,17,2,430.57,19.571363636363635,430.57
12453,134,1,707.09,16.443953488372095,707.09
12454,56,1,3528.34,235.22266666666667,3528.34
12455,73,6,2466.86,27.409555555555556,2466.86
12456,44,3,3181.04,25.44832,3181.04
12457,66,7,2363.23,38.11661290322581,2363.23
12458,71,2,947.4,24.931578947368422,947.4
12461,94,2,826.88,23.62514285714286,826.88
12462,19,2,1189.59,19.186935483870965,1189.59
12463,53,4,1344.78,16.202168674698793,1344.78
12464,10,8,1212.05,41.79482758620689,1212.05
12465,17,2,742.1899999999999,15.79127659574468,742.1899999999999
12468,188,2,729.5400000000001,19.19842105263158,729.5400000000001
12471,2,30,19788.65,43.11252723311547,19788.65
12472,32,7,6572.11,19.386755162241887,6572.11
12473,29,5,3928.0499999999997,23.52125748502994,3928.0499999999997
12474,17,18,7324.09,17.355663507109004,7324.09
12475,54,1,723.38,20.093888888888888,723.38
12476,16,11,6816.42,29.255021459227468,6816.42
12477,23,6,13219.74,44.065799999999996,13219.74
12478,4,1,680.99,18.91638888888889,680.99
12479,11,1,527.2,17.006451612903227,527.2
12480,28,4,3281.63,21.309285714285714,3281.63
12481,23,10,5579.82,25.8325,5579.82
12483,17,8,2484.98,33.133066666666664,2484.98
12484,33,6,4527.32,13.199183673469387,4527.32
12488,10,3,1298.66,23.612000000000002,1298.66
12489,336,1,334.93,22.328666666666667,334.93
12490,5,10,5417.93,22.114,5417.93
12491,39,1,460.40000000000003,17.70769230769231,460.40000000000003
12492,63,2,263.21000000000004,13.160500000000003,263.21000000000004
12493,166,2,433.74,19.715454545454545,433.74
12494,16,7,1246.1000000000001,16.183116883116885,1246.1000000000001
12497,82,1,1043.1,74.50714285714285,1043.1
12498,21,3,403.70000000000005,17.55217391304348,403.70000000000005
12500,23,11,4257.82,69.80032786885245,4257.82
12501,337,1,2169.39,14.559664429530201,2169.39
12502,96,5,3723.87,25.332448979591835,3723.87
12504,18,2,482.04999999999995,53.5611111111111,482.04999999999995
12506,233,1,73.5,3.1956521739130435,73.5
12507,134,3,1304.81,62.13380952380952,1304.81
12508,26,2,397.88,5.851176470588236,397.88
12509,284,1,176.5,25.214285714285715,176.5
12510,143,2,982.5699999999999,29.774848484848484,982.5699999999999
12512,66,2,132.18,4.263870967741935,132.18
12513,113,1,612.29,17.494,612.29
12514,267,1,1017.68,19.954509803921567,1017.68
12515,353,1,383.7,23.98125,383.7
12516,78,2,1312.06,50.46384615384615,1312.06
12517,28,5,2481.6,8.894623655913978,2481.6
12518,1,5,2056.89,16.58782258064516,2056.89
12519,64,1,330.84,19.461176470588235,330.84
12520,79,5,2634.26,17.330657894736845,2634.26
12521,143,1,599.68,15.781052631578946,599.68
12522,39,2,192.72,16.06,192.72
12523,19,11,1789.77,16.884622641509434,1789.77
12524,9,8,4485.72,31.150833333333335,4485.72
12526,1,3,1316.66,18.54450704225352,1316.66
12527,82,3,348.71000000000004,19.37277777777778,348.71000000000004
12528,9,6,1933.48,21.01608695652174,1933.48
12530,60,4,1662.28,25.186060606060607,1662.28
12531,15,1,125.22,7.365882352941177,125.22
12532,30,1,349.83000000000004,21.864375000000003,349.83000000000004
12534,131,1,1089.18,17.28857142857143,1089.18
12535,92,2,716.35,21.069117647058825,716.35
12536,43,3,12601.830000000002,48.282873563218395,12601.830000000002
12538,29,1,363.95,17.33095238095238,363.95
12539,22,4,5568.35,20.396886446886448,5568.35
12540,20,17,13400.24,28.03397489539749,13400.24
12541,30,3,981.18,18.868846153846153,981.18
12544,36,1,372.7,19.61578947368421,372.7
12545,75,2,1000.39,20.0078,1000.39
12546,47,2,1161.5,16.833333333333332,1161.5
12547,198,2,207.79999999999998,25.974999999999998,207.79999999999998
12548,166,1,95.19999999999999,19.04,95.19999999999999
12550,79,1,964.83,16.92684210526316,964.83
12551,358,1,168.0,16.8,168.0
12552,39,2,437.82,21.891,437.82
12553,8,10,3692.28,19.33130890052356,3692.28
12556,50,2,599.56,5.038319327731092,599.56
12557,16,5,11990.960000000001,363.36242424242425,11990.960000000001
12558,8,1,269.96,24.54181818181818,269.96
12559,311,2,561.71,26.74809523809524,561.71
12560,5,3,2134.01,20.323904761904764,2134.01
12561,303,1,238.85,14.928125,238.85
12562,8,7,3781.7400000000002,22.510357142857146,3781.7400000000002
12564,261,1,456.9,21.757142857142856,456.9
12565,289,1,145.92,16.21333333333333,145.92
12566,86,1,351.65,18.507894736842104,351.65
12567,23,10,9401.28,21.079103139013455,9401.28
12569,2,32,4124.69,21.939840425531912,4124.69
12571,40,2,519.61,15.28264705882353,519.61
12572,9,2,1020.42,17.006999999999998,1020.42
12573,227,1,160.54000000000002,5.733571428571429,160.54000000000002
12574,316,1,218.45,19.85909090909091,218.45
12576,36,5,1315.83,14.952613636363635,1315.83
12577,35,3,626.6,4.291780821917809,626.6
12578,21,2,2794.51,24.51324561403509,2794.51
12579,78,1,440.42,15.18689655172414,440.42
12580,247,1,415.7,17.320833333333333,415.7
12581,40,1,197.71,13.180666666666667,197.71
12582,239,2,511.36,23.243636363636366,511.36
12583,3,15,7281.38,29.47927125506073,7281.38
12584,4,9,2338.15,24.355729166666666,2338.15
12585,234,2,2040.1,23.44942528735632,2040.1
12586,17,1,196.94000000000003,17.903636363636366,196.94000000000003
12587,8,1,144.0,36.0,144.0
12588,39,1,214.89999999999998,21.49,214.89999999999998
12589,29,2,646.68,18.47657142857143,646.68
12590,211,2,9864.26,145.06264705882353,9864.26
12591,317,1,452.84999999999997,17.41730769230769,452.84999999999997
12592,92,2,437.6,24.311111111111114,437.6
12593,109,3,418.09999999999997,19.909523809523808,418.09999999999997
12594,38,10,3338.2200000000003,28.290000000000003,3338.2200000000003
12596,51,2,618.27,22.898888888888887,618.27
12597,19,4,3811.22,18.50106796116505,3811.22
12598,10,8,3023.08,22.902121212121212,3023.08
12599,29,7,1032.58,16.654516129032256,1032.58
12600,29,10,2599.04,40.61,2599.04
12601,190,5,577.0600000000001,20.609285714285715,577.0600000000001
12602,59,1,153.12,12.76,153.12
12603,22,1,739.1999999999999,369.59999999999997,739.1999999999999
12604,79,2,254.18,15.88625,254.18
12607,60,1,1579.51,15.63871287128713,1579.51
12609,78,3,1126.85,18.78083333333333,1126.85
12610,23,5,2099.54,19.80698113207547,2099.54
12611,52,1,1193.32,18.35876923076923,1193.32
12612,74,1,704.0400000000001,37.054736842105264,704.0400000000001
12613,57,5,3344.38,21.858692810457516,3344.38
12614,278,1,315.6,15.780000000000001,315.6
12615,2,4,2291.19,21.820857142857143,2291.19
12616,95,2,713.3,22.290625,713.3
12617,29,1,352.98,8.609268292682927,352.98
12618,22,1,177.31,16.11909090909091,177.31
12619,16,9,3641.24,40.45822222222222,3641.24
12620,15,3,1339.41,14.558804347826088,1339.41
12621,2,20,13689.67,29.31406852248394,13689.67
12622,232,1,180.1,16.37272727272727,180.1
12623,276,1,305.1,16.950000000000003,305.1
12624,106,2,641.13,16.87184210526316,641.13
12625,212,2,2683.82,31.207209302325584,2683.82
12626,23,9,6620.48,22.51863945578231,6620.48
12627,11,7,4478.53,19.47186956521739,4478.53
12628,4,3,786.46,19.181951219512197,786.46
12630,10,2,1270.88,19.8575,1270.88
12631,57,1,640.5,20.661290322580644,640.5
12633,59,4,2163.98,21.425544554455445,2163.98
12635,90,2,1689.18,16.724554455445546,1689.18
12637,67,8,6002.9,15.714397905759162,6002.9
12638,33,1,671.69,17.222820512820515,671.69
12639,239,1,486.1,22.095454545454547,486.1
12640,24,3,1174.58,22.16188679245283,1174.58
12641,115,1,185.9,18.59,185.9
12642,25,3,1013.26,21.558723404255318,1013.26
12643,128,6,3344.64,139.35999999999999,3344.64
12644,130,1,477.91,15.416451612903227,477.91
12645,34,4,1775.18,24.31753424657534,1775.18
12646,5,2,1346.97,29.932666666666666,1346.97
12647,22,12,3722.82,30.76710743801653,3722.82
12648,155,1,318.05,15.145238095238096,318.05
12649,107,3,623.51,20.113225806451613,623.51
12650,3,1,314.44,15.722,314.44
12651,335,1,114.0,12.666666666666666,114.0
12652,331,1,919.98,19.16625,919.98
12653,149,2,2209.85,51.391860465116274,2209.85
12654,11,5,601.98,15.841578947368422,601.98
12656,17,5,4051.17,32.152142857142856,4051.17
12657,11,4,1643.18,34.961276595744685,1643.18
12658,19,1,686.05,19.056944444444444,686.05
12659,30,1,91.68,18.336000000000002,91.68
12660,11,1,245.1,18.853846153846153,245.1
12662,1,11,3849.78,16.73817391304348,3849.78
12664,8,9,4881.88,131.94270270270272,4881.88
12665,325,1,63.0,21.0,63.0
12667,58,1,620.13,18.791818181818183,620.13
12668,12,4,3807.15,23.64689440993789,3807.15
12669,151,3,2744.0299999999997,27.168613861386135,2744.0299999999997
12670,10,5,2996.05,32.56576086956522,2996.05
12672,330,1,225.89999999999998,22.589999999999996,225.89999999999998
12673,5,2,610.52,14.536190476190475,610.52
12674,39,4,1970.6,23.742168674698792,1970.6
12676,25,6,1331.39,29.586444444444446,1331.39
12678,42,12,17628.46,106.83915151515151,17628.46
12679,59,4,1113.02,23.187916666666666,1113.02
12680,1,4,862.81,16.592499999999998,862.81
12681,15,22,13787.54,21.610564263322885,13787.54
12682,4,31,12279.82,23.434770992366413,12279.82
12683,4,15,8476.57,24.641191860465117,8476.57
12684,8,7,2283.63,21.748857142857144,2283.63
12685,28,6,2863.08,18.236178343949042,2863.08
12686,372,1,89.14,12.734285714285715,89.14
12688,114,1,4873.8099999999995,28.501812865497072,4873.8099999999995
12689,26,2,1247.61,17.327916666666667,1247.61
12690,206,1,389.01,24.313125,389.01
12691,28,6,1035.8,32.36875,1035.8
12693,127,4,855.91,21.946410256410257,855.91
12694,70,2,869.67,23.504594594594593,869.67
12695,7,4,582.1,21.55925925925926,582.1
12697,29,3,957.59,23.355853658536585,957.59
12700,8,4,4939.99,18.432798507462685,4939.99
12701,80,2,797.71,15.051132075471699,797.71
12702,20,1,219.0,18.25,219.0
12703,71,1,283.55,13.502380952380953,283.55
12704,7,8,2340.84,26.600454545454546,2340.84
12705,15,9,6868.29,20.56374251497006,6868.29
12707,292,1,603.42,18.285454545454545,603.42
12708,30,10,2712.91,17.27968152866242,2712.91
12709,15,15,9706.52,46.891400966183575,9706.52
12710,97,3,1149.02,14.922337662337663,1149.02
12712,29,13,4396.13,33.053609022556394,4396.13
12713,1,1,848.55,22.330263157894734,848.55
12714,9,5,4708.86,18.18092664092664,4708.86
12715,106,1,343.36,17.168,343.36
12716,4,2,1053.49,15.267971014492753,1053.49
12717,151,2,1030.98,18.74509090909091,1030.98
12718,71,1,238.25,12.539473684210526,238.25
12719,5,2,644.95,16.53717948717949,644.95
12720,3,25,5781.73,16.332570621468925,5781.73
12721,32,6,2656.13,16.497701863354038,2656.13
12722,85,4,997.63,18.82320754716981,997.63
12723,4,5,725.07,10.508260869565218,725.07
12724,5,4,1031.41,19.460566037735852,1031.41
12725,371,1,427.8,17.825,427.8
12726,28,7,2609.1,21.041129032258063,2609.1
12727,11,7,3980.7,28.638129496402875,3980.7
12728,71,4,836.33,18.18108695652174,836.33
12729,114,1,453.01,17.423461538461538,453.01
12731,24,12,18895.91,68.96317518248175,18895.91
12732,180,1,236.26000000000002,19.688333333333336,236.26000000000002
12733,234,1,383.95,17.452272727272728,383.95
12734,353,1,110.39999999999999,27.599999999999998,110.39999999999999
12735,315,2,779.5699999999999,18.12953488372093,779.5699999999999
12736,333,1,234.0,58.5,234.0
12738,372,1,155.35,14.122727272727273,155.35
12739,78,2,1013.04,26.658947368421053,1013.04
12740,64,1,427.6,15.837037037037037,427.6
12743,134,2,540.13,4.123129770992366,540.13
12744,52,7,21279.29,95.85265765765766,21279.29
12747,2,11,4196.01,40.737961165048546,4196.01
12748,1,209,33053.19,7.491656844968269,33053.19
12749,4,5,4090.88,20.55718592964824,4090.88
12750,129,1,275.88,18.392,275.88
12752,81,1,4366.78,82.3920754716981,4366.78
12753,23,6,21429.39,108.77862944162436,21429.39
12754,236,3,3010.74,47.78952380952381,3010.74
12755,281,2,3811.95,952.9875,3811.95
12756,87,1,112.07999999999998,28.019999999999996,112.07999999999998
12757,16,13,7834.650000000001,21.52376373626374,7834.650000000001
12758,117,2,2791.59,28.779278350515465,2791.59
12759,52,3,1531.44,16.12042105263158,1531.44
12762,8,2,1898.52,27.51478260869565,1898.52
12763,138,2,494.08,27.448888888888888,494.08
12764,317,1,1693.88,37.64177777777778,1693.88
12766,4,7,6989.63,22.547193548387096,6989.63
12769,239,1,1143.6,35.7375,1143.6
12770,211,1,1351.45,112.62083333333334,1351.45
12772,60,1,892.47,16.226727272727274,892.47
12775,17,5,1386.04,21.00060606060606,1386.04
12778,20,6,822.23,16.4446,822.23
12779,38,8,3981.36,26.72053691275168,3981.36
12781,64,2,826.74,33.0696,826.74
12782,5,5,2330.92,22.630291262135923,2330.92
12783,2,6,2225.91,26.49892857142857,2225.91
12784,9,2,532.8199999999999,9.347719298245613,532.8199999999999
12785,364,1,311.95,22.282142857142855,311.95
12787,10,3,463.66,23.183,463.66
12789,65,1,91.85,22.9625,91.85
12790,192,1,324.92,15.472380952380954,324.92
12791,374,1,192.60000000000002,96.30000000000001,192.60000000000002
12792,257,1,400.53999999999996,16.0216,400.53999999999996
12793,335,2,545.48,22.728333333333335,545.48
12794,53,2,860.41,19.12022222222222,860.41
12795,19,1,430.48,30.74857142857143,430.48
12797,366,1,254.03,19.540769230769232,254.03
12798,10,3,6977.04,872.13,6977.04
12802,187,1,427.58,17.1032,427.58
12808,37,3,483.65000000000003,17.273214285714285,483.65000000000003
12809,178,1,489.31,19.572400000000002,489.31
12811,261,3,514.85,16.608064516129033,514.85
12812,45,1,229.64000000000001,15.309333333333335,229.64000000000001
12814,102,1,125.92,62.96,125.92
12815,148,2,1063.46,22.6268085106383,1063.46
12816,96,2,572.2,19.731034482758623,572.2
12817,281,1,166.04,41.51,166.04
12818,262,1,1542.08,110.14857142857143,1542.08
12820,3,4,942.34,15.97186440677966,942.34
12821,214,1,92.72,15.453333333333333,92.72
12822,71,2,948.88,20.62782608695652,948.88
12823,75,5,1759.5,351.9,1759.5
12824,60,1,397.12,15.8848,397.12
12826,3,7,1474.72,16.205714285714286,1474.72
12827,6,3,430.15000000000003,17.206000000000003,430.15000000000003
12828,3,6,1018.71,18.19125,1018.71
12829,337,2,293.0,26.636363636363637,293.0
12830,38,6,6814.64,179.33263157894737,6814.64
12831,262,1,215.05,23.894444444444446,215.05
12832,32,2,383.03,14.186296296296295,383.03
12833,145,1,417.38,17.390833333333333,417.38
12834,283,1,312.38,17.354444444444443,312.38
12836,59,4,2610.36,15.002068965517243,2610.36
12837,173,1,134.1,11.174999999999999,134.1
12838,34,2,671.95,5.599583333333333,671.95
12839,3,14,5591.42,17.80707006369427,5591.42
12840,144,4,2726.77,24.13070796460177,2726.77
12841,5,25,3991.58,9.641497584541062,3991.58
12842,70,2,1118.99,32.9114705882353,1118.99
12843,66,8,1702.26,16.526796116504855,1702.26
12844,29,2,325.96000000000004,6.268461538461539,325.96000000000004
12845,267,4,354.09,13.114444444444443,354.09
12847,22,1,843.64,10.043333333333333,843.64
12849,31,2,1010.29,21.047708333333333,1010.29
12851,97,1,131.81,2.8044680851063832,131.81
12852,295,1,311.55,18.326470588235296,311.55
12853,135,6,1957.1000000000001,25.09102564102564,1957.1000000000001
12854,79,3,1316.25,12.075688073394495,1316.25
12855,373,1,38.1,12.700000000000001,38.1
12856,8,6,2170.78,6.98,2170.78
12857,211,2,1106.4,24.05217391304348,1106.4
12863,52,1,521.2,104.24000000000001,521.2
12864,138,1,147.12,49.04,147.12
12865,26,2,1568.23,16.507684210526318,1568.23
12866,283,1,559.12,21.504615384615384,559.12
12867,26,7,4009.34,7.50812734082397,4009.34
12868,186,6,1607.0600000000002,15.0192523364486,1607.0600000000002
12871,84,2,380.64,34.60363636363636,380.64
12872,327,2,599.97,9.090454545454547,599.97
12873,282,1,374.0,93.5,374.0
12875,143,2,343.2300000000001,171.61500000000004,343.2300000000001
12876,58,2,2218.02,26.09435294117647,2218.02
12877,4,12,1535.77,9.972532467532467,1535.77
12878,236,2,854.99,18.191276595744682,854.99
12879,45,3,573.22,57.322,573.22
12881,276,1,298.0,42.57142857142857,298.0
12882,9,2,1463.04,112.54153846153847,1463.04
12883,25,4,703.47,16.749285714285715,703.47
12884,88,1,309.05,44.15,309.05
12885,63,3,1175.22,16.552394366197184,1175.22
12886,68,2,1378.4,16.809756097560978,1378.4
12888,214,2,354.12,70.824,354.12
12890,24,1,376.71999999999997,4.768607594936708,376.71999999999997
12891,186,3,331.0,110.33333333333333,331.0
12893,31,1,176.55,5.695161290322581,176.55
12895,42,2,372.8,16.945454545454545,372.8
12897,205,2,216.5,54.125,216.5
12901,9,28,17654.54,152.19431034482758,17654.54
12902,265,1,138.68,13.868,138.68
12904,18,2,496.06,6.986760563380281,496.06
12906,12,5,2919.81,46.34619047619047,2919.81
12908,176,2,750.0,375.0,750.0
12909,40,5,2178.67,23.941428571428574,2178.67
12910,23,8,3075.04,41.00053333333333,3075.04
12912,3,5,1662.3,69.2625,1662.3
12913,5,5,2483.63,49.6726,2483.63
12915,149,2,363.65,16.529545454545453,363.65
12916,139,4,2944.95,28.59174757281553,2944.95
12917,128,1,594.0,297.0,594.0
12919,8,6,1335.19,26.7038,1335.19
12920,17,1,162.78,6.028888888888889,162.78
12921,9,37,16587.09,23.037625,16587.09
12922,161,1,405.38,14.477857142857143,405.38
12923,64,1,172.82,6.172142857142857,172.82
12924,88,4,933.7,31.123333333333335,933.7
12925,5,2,694.05,15.423333333333332,694.05
12928,35,5,2062.7000000000003,24.555952380952384,2062.7000000000003
12929,312,1,117.85,14.73125,117.85
12930,78,2,415.8,16.632,415.8
12931,22,15,42055.96,512.8775609756098,42055.96
12933,24,3,607.53,5.7314150943396225,607.53
12935,2,7,2160.7,16.749612403100773,2160.7
12936,17,4,1063.9,17.15967741935484,1063.9
12937,15,4,1504.27,12.535583333333333,1504.27
12938,26,1,114.14,12.682222222222222,114.14
12939,64,8,11581.8,246.42127659574467,11581.8
12940,55,2,899.69,9.371770833333334,899.69
12942,131,3,675.6,9.651428571428571,675.6
12944,36,2,604.51,20.150333333333332,604.51
12945,288,1,462.95,20.128260869565217,462.95
12947,144,6,1603.99,16.535979381443298,1603.99
12948,16,7,2064.95,17.801293103448273,2064.95
12949,31,8,4167.22,19.382418604651164,4167.22
12950,2,3,1843.0,80.1304347826087,1843.0
12951,9,6,1064.07,16.89,1064.07
12952,6,4,1387.79,17.566962025316457,1387.79
12953,10,1,329.85,19.40294117647059,329.85
12955,1,11,4757.16,26.428666666666665,4757.16
12956,306,1,108.07,5.687894736842105,108.07
12957,10,8,4017.54,16.880420168067225,4017.54
12962,7,2,266.39,16.649375,266.39
12963,8,8,1856.63,19.54347368421053,1856.63
12965,89,1,769.8100000000001,7.1278703703703705,769.8100000000001
12966,10,1,160.18,16.018,160.18
12967,358,2,1660.9,87.41578947368421,1660.9
12968,112,1,135.95,27.189999999999998,135.95
12970,7,4,405.47,3.1431782945736435,405.47
12971,4,86,11189.91,36.68822950819672,11189.91
12974,198,1,144.8,18.1,144.8
12976,212,1,738.6,33.57272727272727,738.6
12977,156,1,39.239999999999995,4.359999999999999,39.239999999999995
12980,158,9,7374.900000000001,368.745,7374.900000000001
12981,30,2,372.21999999999997,18.610999999999997,372.21999999999997
12982,243,1,390.54,13.947857142857144,390.54
12984,19,1,97.5,24.375,97.5
12985,1,2,1239.38,16.30763157894737,1239.38
12987,74,2,558.7,19.95357142857143,558.7
12988,292,1,505.82,6.094216867469879,505.82
12989,3,15,6924.110000000001,108.18921875000001,6924.110000000001
12990,31,3,409.5,31.5,409.5
12991,23,2,503.76,16.25032258064516,503.76
12993,23,4,414.76,15.361481481481482,414.76
12994,4,3,974.4200000000001,15.97409836065574,974.4200000000001
12995,85,1,211.32,70.44,211.32
12997,22,4,1226.89,20.794745762711866,1226.89
12999,196,3,455.88,16.28142857142857,455.88
13000,107,3,534.85,17.253225806451614,534.85
13001,4,13,9785.970000000001,29.038486646884277,9785.970000000001
13002,318,1,120.94999999999999,17.27857142857143,120.94999999999999
13003,106,3,149.05,24.84166666666667,149.05
13004,12,18,5655.91,13.999777227722772,5655.91
13005,174,2,513.7,19.75769230769231,513.7
13006,56,1,81.57,20.3925,81.57
13008,323,1,229.46999999999997,16.390714285714285,229.46999999999997
13011,372,1,50.550000000000004,16.85,50.550000000000004
13012,9,8,1646.8400000000001,18.71409090909091,1646.8400000000001
13013,1,13,4810.9400000000005,21.967762557077627,4810.9400000000005
13014,11,10,3466.2799999999997,31.800733944954125,3466.2799999999997
13015,53,5,3339.64,19.08365714285714,3339.64
13016,73,3,789.89,16.806170212765956,789.89
13017,7,1,204.0,204.0,204.0
13018,16,28,7277.7,15.890174672489083,7277.7
13021,4,9,2616.38,19.97236641221374,2616.38
13023,64,2,689.9,17.2475,689.9
13026,1,5,975.36,24.384,975.36
13027,114,6,6912.0,265.84615384615387,6912.0
13028,23,2,661.3199999999999,14.695999999999998,661.3199999999999
13029,31,3,1247.5,124.75,1247.5
13030,11,2,752.4399999999999,8.178695652173912,752.4399999999999
13032,52,2,1010.18,14.227887323943662,1010.18
13033,357,1,190.55,17.322727272727274,190.55
13034,55,2,642.77,17.372162162162162,642.77
13035,74,2,921.88,34.1437037037037,921.88
13037,138,3,881.07,18.355625,881.07
13038,80,3,908.46,32.445,908.46
13040,9,2,676.99,15.743953488372092,676.99
13043,273,1,516.42,39.72461538461538,516.42
13044,291,1,560.47,16.983939393939394,560.47
13045,99,1,305.28000000000003,16.96,305.28000000000003
13046,31,2,629.31,17.980285714285714,629.31
13047,32,10,3237.54,18.822906976744186,3237.54
13048,14,4,1819.41,13.477111111111112,1819.41
13049,64,2,656.6800000000001,46.90571428571429,656.6800000000001
13050,15,17,5836.86,14.483523573200992,5836.86
13052,212,1,348.15000000000003,19.34166666666667,348.15000000000003
13055,78,3,1214.41,15.979078947368421,1214.41
13058,25,3,271.40000000000003,33.925000000000004,271.40000000000003
13059,250,1,183.4,22.925,183.4
13060,254,1,307.53,20.502,307.53
13061,72,1,248.61,24.861,248.61
13062,191,1,346.98,31.543636363636367,346.98
13064,13,4,1105.59,16.258676470588235,1105.59
13065,373,1,205.86,14.704285714285716,205.86
13066,24,2,470.8,9.808333333333334,470.8
13067,82,1,115.46000000000001,7.697333333333334,115.46000000000001
13068,10,2,344.0,172.0,344.0
13069,1,24,4431.44,10.451509433962263,4431.44
13070,192,1,228.8,25.422222222222224,228.8
13072,267,1,177.15,25.307142857142857,177.15
13075,130,1,919.61,41.80045454545455,919.61
13077,1,4,728.02,6.558738738738739,728.02
13078,3,26,12627.94,35.27357541899441,12627.94
13079,4,5,220.10000000000002,36.68333333333334,220.10000000000002
13080,179,1,58.08,9.68,58.08
13081,12,11,28337.38,27.67322265625,28337.38
13082,126,9,3613.63,49.50178082191781,3613.63
13083,4,2,303.75,16.875,303.75
13085,158,2,416.08000000000004,18.912727272727274,416.08000000000004
13089,3,97,58762.08,32.393649393605294,58762.08
13090,9,14,8910.82,57.48916129032258,8910.82
13091,28,1,345.82,16.467619047619046,345.82
13092,71,5,477.83,19.1132,477.83
13093,276,8,7832.47,49.260817610062894,7832.47
13094,21,12,1927.3200000000002,80.305,1927.3200000000002
13095,71,1,74.39999999999999,12.399999999999999,74.39999999999999
13097,33,10,6003.22,14.259429928741094,6003.22
13098,1,28,28882.44,50.49377622377622,28882.44
13099,99,1,207.35999999999999,207.35999999999999,207.35999999999999
13101,234,1,101.19,12.64875,101.19
13102,1,24,6424.09,21.131875,6424.09
13103,40,1,243.94,30.4925,243.94
13104,3,6,1098.48,54.924,1098.48
13106,133,1,76.5,76.5,76.5
13107,44,4,1531.6200000000001,26.407241379310346,1531.6200000000001
13108,373,1,350.06,35.006,350.06
13109,60,2,786.54,16.734893617021275,786.54
13110,31,7,1488.67,10.266689655172414,1488.67
13113,1,24,12245.960000000001,61.229800000000004,12245.960000000001
13115,12,4,2294.78,19.12316666666667,2294.78
13116,138,1,501.14,16.704666666666665,501.14
13117,22,8,984.91,12.959342105263158,984.91
13118,20,5,1197.81,15.162151898734177,1197.81
13120,239,1,30.599999999999998,30.599999999999998,30.599999999999998
13121,269,1,283.73,5.674600000000001,283.73
13122,94,2,922.39,16.77072727272727,922.39
13124,90,3,3756.33,16.920405405405404,3756.33
13126,5,8,2099.64,14.997428571428571,2099.64
13127,78,1,259.17,17.278000000000002,259.17
13130,94,1,64.0,32.0,64.0
13131,23,3,1073.3,24.393181818181816,1073.3
13132,262,1,77.3,25.766666666666666,77.3
13133,274,2,109.8,15.685714285714285,109.8
13134,86,4,1793.58,18.301836734693875,1793.58
13135,197,1,3096.0,3096.0,3096.0
13136,56,5,2607.61,20.53236220472441,2607.61
13137,11,8,3603.29,5.244963609898107,3603.29
13138,22,6,962.39,15.276031746031746,962.39
13139,16,7,5064.94,29.79376470588235,5064.94
13140,108,3,422.47,9.388222222222224,422.47
13141,85,5,2388.75,17.694444444444443,2388.75
13142,19,1,307.09,13.351739130434781,307.09
13144,333,1,110.95,36.983333333333334,110.95
13145,40,4,618.52,103.08666666666666,618.52
13146,26,1,228.91,13.465294117647058,228.91
13147,10,4,712.8000000000001,178.20000000000002,712.8000000000001
13148,29,12,3683.26,11.805320512820513,3683.26
13149,14,4,1676.06,19.48906976744186,1676.06
13151,296,1,1257.8700000000001,16.998243243243245,1257.8700000000001
13153,6,1,486.22,32.41466666666667,486.22
13155,33,4,971.76,11.432470588235294,971.76
13157,49,4,1741.22,20.014022988505747,1741.22
13158,95,4,1201.06,15.203291139240505,1201.06
13159,9,4,1429.35,11.911249999999999,1429.35
13160,22,1,91.8,22.95,91.8
13161,313,1,112.75,14.09375,112.75
13162,122,4,1688.29,21.370759493670885,1688.29
13165,46,2,1021.48,24.32095238095238,1021.48
13166,283,1,417.2,10.175609756097561,417.2
13167,19,4,791.33,12.174307692307693,791.33
13168,36,4,1299.59,10.314206349206348,1299.59
13169,64,2,712.88,54.83692307692308,712.88
13170,27,1,108.81,3.6270000000000002,108.81
13171,22,3,468.41,10.182826086956522,468.41
13173,4,2,353.65,8.224418604651163,353.65
13174,16,3,2742.82,9.361160409556314,2742.82
13176,46,1,481.49,7.186417910447761,481.49
13177,65,1,282.45,16.61470588235294,282.45
13178,26,11,5725.47,21.60554716981132,5725.47
13182,45,1,121.18,11.016363636363637,121.18
13183,8,9,3957.78,42.10404255319149,3957.78
13184,15,10,1668.95,9.323743016759776,1668.95
13185,268,1,71.4,71.4,71.4
13186,40,3,1575.89,19.947974683544306,1575.89
13187,337,1,236.02,6.378918918918919,236.02
13188,11,1,114.60000000000001,57.300000000000004,114.60000000000001
13189,19,2,260.68,8.988965517241379,260.68
13192,95,2,911.94,14.475238095238096,911.94
13193,61,1,112.08,4.4832,112.08
13194,136,1,60.7,20.233333333333334,60.7
13196,11,4,1797.78,16.343454545454545,1797.78
13198,10,6,3401.2400000000002,15.049734513274338,3401.2400000000002
13199,4,38,9817.12,82.49680672268909,9817.12
13200,19,4,870.09,18.915,870.09
13203,10,4,869.46,15.253684210526316,869.46
13207,15,2,250.26000000000002,31.282500000000002,250.26000000000002
13208,59,6,1217.65,8.227364864864866,1217.65
13209,30,8,5891.61,18.35392523364486,5891.61
13210,94,1,353.48,16.067272727272726,353.48
13211,10,3,1095.42,19.916727272727275,1095.42
13212,20,3,786.83,5.580354609929079,786.83
13213,57,5,1520.58,16.895333333333333,1520.58
13216,268,1,333.74,66.748,333.74
13217,122,3,533.98,133.495,533.98
13218,127,1,62.63999999999999,12.527999999999999,62.63999999999999
13220,78,4,819.2900000000001,39.01380952380953,819.2900000000001
13221,240,2,847.41,12.839545454545455,847.41
13223,200,2,163.20000000000002,32.64,163.20000000000002
13224,60,2,2155.95,19.9625,2155.95
13225,3,7,6463.84,201.995,6463.84
13226,273,1,108.21000000000001,6.7631250000000005,108.21000000000001
13227,202,1,257.7,28.633333333333333,257.7
13228,81,1,358.0,179.0,358.0
13229,226,1,160.95,16.095,160.95
13230,4,14,2755.63,4.69442930153322,2755.63
13232,13,7,1328.35,6.575990099009901,1328.35
13233,74,2,605.12,14.072558139534884,605.12
13235,212,1,1031.07,17.77706896551724,1031.07
13236,25,2,744.85,20.69027777777778,744.85
13238,17,4,700.73,22.604193548387098,700.73
13239,262,1,329.56,15.693333333333333,329.56
13240,96,4,663.65,9.905223880597015,663.65
13242,112,3,270.40000000000003,20.800000000000004,270.40000000000003
13243,203,1,585.12,10.265263157894736,585.12
13244,93,1,121.74000000000001,4.508888888888889,121.74000000000001
13245,51,1,430.5,26.90625,430.5
13246,18,6,1961.52,14.422941176470587,1961.52
13247,18,4,501.12,20.0448,501.12
13248,125,2,465.68,17.91076923076923,465.68
13249,92,3,711.41,30.93086956521739,711.41
13253,157,2,1030.4,28.622222222222224,1030.4
13255,9,2,399.51,30.73153846153846,399.51
13258,12,3,672.83,18.689722222222223,672.83
13259,62,1,283.18,3.4960493827160493,283.18
13260,61,1,557.62,69.7025,557.62
13261,269,2,944.1,104.9,944.1
13262,263,1,200.29,18.208181818181817,200.29
13263,1,35,7436.93,4.46126574685063,7436.93
13265,53,5,2092.66,23.251777777777775,2092.66
13266,11,12,3834.2599999999998,20.504064171122995,3834.2599999999998
13267,3,19,4521.49,21.428862559241704,4521.49
13268,18,11,3174.75,7.331986143187067,3174.75
13269,1,15,5343.28,16.96279365079365,5343.28
13270,366,1,590.0,590.0,590.0
13271,37,1,211.49,2.430919540229885,211.49
13272,31,2,276.56,18.437333333333335,276.56
13273,113,1,138.98,8.68625,138.98
13276,64,2,590.9300000000001,19.69766666666667,590.9300000000001
13277,16,4,258.4,32.3,258.4
13278,41,1,542.73,11.798478260869565,542.73
13279,78,1,137.75,15.305555555555555,137.75
13280,122,3,798.46,9.737317073170733,798.46
13282,18,3,1132.14,30.59837837837838,1132.14
13283,60,2,93.66,13.379999999999999,93.66
13284,331,1,201.19,15.476153846153846,201.19
13285,23,4,2709.12,14.487272727272726,2709.12
13291,156,1,361.11,8.597857142857142,361.11
13292,39,2,578.9399999999999,18.67548387096774,578.9399999999999
13294,190,2,873.74,16.18037037037037,873.74
13295,360,1,201.20000000000002,20.12,201.20000000000002
13296,137,1,87.4,17.48,87.4
13297,8,4,2089.85,35.421186440677964,2089.85
13298,1,1,360.0,180.0,360.0
13299,268,1,142.5,28.5,142.5
13300,169,1,371.89,18.5945,371.89
13301,104,4,618.09,7.630740740740741,618.09
13302,155,1,63.75,63.75,63.75
13304,351,1,300.42,14.305714285714286,300.42
13305,4,10,2000.86,24.701975308641973,2000.86
13307,120,1,15.0,15.0,15.0
13308,23,3,1385.51,25.657592592592593,1385.51
13309,7,5,1456.79,13.614859813084111,1456.79
13310,28,3,1132.03,15.722638888888888,1132.03
13311,4,2,598.57,23.02192307692308,598.57
13313,22,5,1555.32,19.939999999999998,1555.32
13314,2,3,775.94,12.515161290322581,775.94
13316,37,4,5732.93,66.66197674418605,5732.93
13317,66,6,2273.68,18.336129032258064,2273.68
13318,1,3,640.76,32.038,640.76
13319,5,26,10845.550000000001,22.784768907563027,10845.550000000001
13320,78,4,1532.2,14.592380952380953,1532.2
13321,72,2,567.36,51.57818181818182,567.36
13322,17,1,199.48000000000002,7.9792000000000005,199.48000000000002
13323,3,5,787.85,37.516666666666666,787.85
13324,36,10,7121.95,94.95933333333333,7121.95
13325,82,1,675.3,56.275,675.3
13327,39,8,3627.77,33.59046296296296,3627.77
13328,316,1,1308.48,76.96941176470588,1308.48
13329,32,2,789.0,46.411764705882355,789.0
13330,93,3,1140.93,21.526981132075473,1140.93
13332,14,1,350.9,16.70952380952381,350.9
13334,82,3,3502.32,13.216301886792454,3502.32
13336,77,1,795.12,15.590588235294117,795.12
13338,158,1,487.02,25.632631578947368,487.02
13339,201,1,860.12,15.928148148148148,860.12
13340,45,7,10736.48,80.12298507462687,10736.48
13341,261,1,775.85,18.472619047619048,775.85
13343,178,1,353.43,18.60157894736842,353.43
13344,68,3,2511.69,21.6525,2511.69
13345,288,1,389.5,19.475,389.5
13347,70,1,341.36,42.67,341.36
13348,64,1,233.76,16.697142857142858,233.76
13349,11,1,247.32,15.4575,247.32
13350,16,2,979.12,24.478,979.12
13351,66,1,373.94,23.37125,373.94
13352,60,1,397.97999999999996,16.5825,397.97999999999996
13354,71,1,743.53,14.579019607843136,743.53
13355,122,1,674.7,21.084375,674.7
13356,80,1,768.24,18.291428571428572,768.24
13357,257,1,609.4,6.847191011235955,609.4
13358,269,1,439.03,15.138965517241378,439.03
13359,64,1,439.56,19.11130434782609,439.56
13362,9,4,3090.7400000000002,18.618915662650604,3090.7400000000002
13363,18,2,992.5,16.541666666666668,992.5
13364,71,1,134.95999999999998,13.495999999999999,134.95999999999998
13365,34,2,2225.37,17.385703125,2225.37
13366,50,1,56.160000000000004,56.160000000000004,56.160000000000004
13368,257,2,623.4,21.49655172413793,623.4
13369,366,1,308.28000000000003,22.020000000000003,308.28000000000003
13370,372,1,754.87,19.355641025641027,754.87
13372,90,1,378.64,16.46260869565217,378.64
13373,61,3,3312.25,20.963607594936708,3312.25
13375,89,1,778.65,21.044594594594592,778.65
13376,99,3,1019.76,19.240754716981133,1019.76
13379,26,3,572.56,5.902680412371134,572.56
13381,32,6,3639.31,21.15877906976744,3639.31
13382,281,1,222.99,14.866000000000001,222.99
13384,31,7,4151.93,27.315328947368425,4151.93
13385,330,1,534.57,15.273428571428573,534.57
13388,131,2,677.1,19.345714285714287,677.1
13389,11,3,797.96,15.646274509803922,797.96
13390,75,1,544.08,41.8523076923077,544.08
13391,204,1,59.8,59.8,59.8
13394,2,8,2520.02,16.258193548387098,2520.02
13395,185,1,307.72,14.653333333333334,307.72
13396,29,2,1360.99,31.65093023255814,1360.99
13397,73,5,1544.13,40.635000000000005,1544.13
13398,192,1,457.34,17.59,457.34
13402,127,2,621.23,15.92897435897436,621.23
13403,18,1,75.0,25.0,75.0
13404,1,2,252.49,22.953636363636363,252.49
13405,74,3,572.451,21.201888888888888,572.451
13408,2,62,28117.04,58.82225941422595,28117.04
13410,24,5,1003.06,35.82357142857143,1003.06
13411,107,1,213.55,11.863888888888889,213.55
13414,134,3,1390.5,57.9375,1390.5
13416,44,2,712.5,37.5,712.5
13417,5,2,640.83,22.886785714285715,640.83
13418,12,18,6127.43,20.156019736842108,6127.43
13419,64,1,221.06,13.81625,221.06
13420,150,2,159.85,19.98125,159.85
13421,40,2,1833.71,17.977549019607842,1833.71
13422,64,1,2626.3,20.67952755905512,2626.3
13425,108,3,1624.21,20.823205128205128,1624.21
13426,1,10,3641.32,23.193121019108283,3641.32
13427,19,3,582.6,20.089655172413792,582.6
13428,10,1,201.78,2.8419718309859157,201.78
13429,11,4,1006.8,15.02686567164179,1006.8
13430,19,2,679.45,13.866326530612247,679.45
13431,67,2,1269.1,27.589130434782607,1269.1
13434,74,2,534.24,53.424,534.24
13435,5,7,3809.8900000000003,37.72168316831684,3809.8900000000003
13436,2,1,196.89,16.4075,196.89
13437,14,7,3408.06,20.40754491017964,3408.06
13439,255,1,283.71,5.253888888888889,283.71
13441,92,1,296.64,22.818461538461538,296.64
13447,23,3,1129.14,19.137966101694918,1129.14
13448,17,6,3534.69,18.22005154639175,3534.69
13449,24,1,291.88,15.362105263157895,291.88
13450,27,6,2043.7199999999998,28.784788732394365,2043.7199999999998
13451,26,5,2898.2599999999998,6.693441108545034,2898.2599999999998
13452,259,2,590.0,295.0,590.0
13453,166,2,356.97999999999996,20.998823529411762,356.97999999999996
13455,25,2,1058.34,23.007391304347824,1058.34
13456,18,6,1766.72,28.043174603174602,1766.72
13458,7,14,9646.57,25.252801047120418,9646.57
13460,29,2,183.44,10.790588235294118,183.44
13461,39,3,1445.0,53.51851851851852,1445.0
13462,253,1,151.5,16.833333333333332,151.5
13464,58,1,674.68,16.45560975609756,674.68
13466,184,1,307.9,18.11176470588235,307.9
13467,11,2,1071.91,10.937857142857144,1071.91
13468,2,37,5704.97,18.89062913907285,5704.97
13470,99,2,165.0,16.5,165.0
13471,1,4,2501.84,9.84976377952756,2501.84
13473,61,2,422.64,20.125714285714285,422.64
13474,236,1,226.84,3.658709677419355,226.84
13475,191,4,1431.78,16.648604651162792,1431.78
13476,179,2,1238.47,21.352931034482758,1238.47
13477,38,6,1454.58,18.41240506329114,1454.58
13479,201,2,300.95,20.063333333333333,300.95
13481,46,5,1804.56,16.55559633027523,1804.56
13482,232,1,184.64,16.785454545454545,184.64
13483,66,1,140.34,14.034,140.34
13484,241,1,313.8,39.225,313.8
13485,233,1,454.24,19.749565217391304,454.24
13486,78,3,1122.41,16.2668115942029,1122.41
13487,58,3,575.4,16.923529411764704,575.4
13488,17,13,8968.31,21.25191943127962,8968.31
13489,105,4,449.52,32.10857142857143,449.52
13491,52,10,1215.82,14.137441860465115,1215.82
13492,136,3,1269.84,25.3968,1269.84
13493,275,2,618.63,77.32875,618.63
13494,312,1,316.26000000000005,17.570000000000004,316.26000000000005
13495,8,5,2044.8700000000001,42.60145833333333,2044.8700000000001
13496,11,2,653.33,18.66657142857143,653.33
13497,283,2,348.05,18.318421052631578,348.05
13499,18,5,1159.11,27.59785714285714,1159.11
13500,23,3,1166.77,17.950307692307693,1166.77
13501,288,1,1340.32,25.775384615384613,1340.32
13502,17,3,292.0,16.22222222222222,292.0
13503,71,1,216.85,12.755882352941176,216.85
13504,64,1,295.93,13.451363636363636,295.93
13505,73,4,4393.63,20.435488372093022,4393.63
13506,316,2,458.52,17.635384615384616,458.52
13507,3,4,2479.16,15.303456790123455,2479.16
13508,244,1,110.97,9.2475,110.97
13509,9,7,979.72,22.266363636363636,979.72
13510,1,4,1791.56,15.578782608695652,1791.56
13512,261,1,251.21,16.747333333333334,251.21
13513,127,1,205.1,20.509999999999998,205.1
13514,74,1,152.20000000000002,38.050000000000004,152.20000000000002
13515,73,4,891.12,15.103728813559322,891.12
13516,21,3,1389.41,31.5775,1389.41
13517,60,3,2128.42,15.09517730496454,2128.42
13518,86,1,627.16,17.42111111111111,627.16
13519,78,1,122.75,15.34375,122.75
13520,59,6,3624.35,38.97150537634408,3624.35
13521,1,3,1071.73,2.5639473684210525,1071.73
13522,30,1,125.80000000000001,25.160000000000004,125.80000000000001
13523,33,5,3964.88,23.051627906976744,3964.88
13524,41,5,680.1800000000001,25.191851851851855,680.1800000000001
13525,15,2,628.78,104.79666666666667,628.78
13527,34,7,2242.36,10.333456221198157,2242.36
13529,79,2,307.76,20.517333333333333,307.76
13531,205,2,483.8,21.990909090909092,483.8
13532,34,1,210.31,3.1865151515151515,210.31
13533,183,3,269.09,3.5878666666666663,269.09
13534,2,25,5870.08,19.83135135135135,5870.08
13536,1,7,3444.39,19.35050561797753,3444.39
13538,43,7,1280.85,51.233999999999995,1280.85
13539,86,3,631.34,17.063243243243242,631.34
13544,40,2,276.06,3.539230769230769,276.06
13546,12,3,621.09,6.4029896907216495,621.09
13548,96,2,678.16,5.51349593495935,678.16
13549,26,7,918.2,18.00392156862745,918.2
13551,319,1,91.80000000000001,22.950000000000003,91.80000000000001
13552,66,12,3740.07,34.31256880733945,3740.07
13555,74,4,4098.88,30.362074074074076,4098.88
13557,28,2,584.06,17.178235294117645,584.06
13558,6,4,594.52,3.517869822485207,594.52
13560,7,1,171.42000000000002,5.3568750000000005,171.42000000000002
13561,216,1,141.85999999999999,10.132857142857143,141.85999999999999
13562,82,3,1799.33,21.943048780487803,1799.33
13563,84,2,777.53,15.867959183673468,777.53
13564,144,3,1724.67,21.29222222222222,1724.67
13565,19,2,240.22,6.321578947368421,240.22
13566,41,2,856.84,5.0700591715976335,856.84
13568,173,1,187.05,4.3500000000000005,187.05
13569,17,2,338.62,4.286329113924051,338.62
13570,243,1,239.49,8.870000000000001,239.49
13571,13,12,2088.94,6.143941176470588,2088.94
13572,206,1,1384.25,41.946969696969695,1384.25
13573,50,2,290.25,11.61,290.25
13575,23,5,732.0699999999999,15.914565217391303,732.0699999999999
13576,10,18,6717.34,53.312222222222225,6717.34
13577,25,4,1687.6000000000001,20.33253012048193,1687.6000000000001
13579,15,2,467.04,20.30608695652174,467.04
13581,309,1,118.0,11.8,118.0
13583,156,1,781.03,14.736415094339621,781.03
13584,307,1,142.4,5.933333333333334,142.4
13587,64,1,712.4,89.05,712.4
13588,16,9,2478.95,14.246839080459768,2478.95
13589,15,2,379.65,18.07857142857143,379.65
13590,11,6,1981.92,22.780689655172413,1981.92
13591,65,3,1117.13,19.26086206896552,1117.13
13592,36,4,247.95999999999998,15.497499999999999,247.95999999999998
13593,108,5,2011.88,15.841574803149607,2011.88
13594,53,1,396.97,15.268076923076924,396.97
13596,6,2,664.11,4.548698630136986,664.11
13598,47,1,160.04,4.572571428571428,160.04
13599,1,21,5149.92,20.934634146341462,5149.92
13600,312,1,219.52,11.553684210526317,219.52
13601,45,2,693.32,7.003232323232324,693.32
13602,65,1,428.89,18.647391304347824,428.89
13603,26,1,164.34,6.086666666666667,164.34
13606,29,3,276.75,6.91875,276.75
13607,40,1,675.51,6.964020618556701,675.51
13610,12,7,1082.33,5.034093023255814,1082.33
13611,89,3,1154.4,16.033333333333335,1154.4
13614,24,4,1585.46,8.130564102564103,1585.46
13615,319,1,417.69,18.160434782608696,417.69
13617,40,3,544.18,12.367727272727272,544.18
13618,174,1,177.34,13.641538461538461,177.34
13621,117,1,213.85,11.255263157894737,213.85
13623,31,5,727.74,9.33,727.74
13626,253,1,257.23,13.53842105263158,257.23
13627,59,5,1638.47,17.80945652173913,1638.47
13629,23,11,7792.36,132.07389830508475,7792.36
13630,5,7,2031.78,28.61661971830986,2031.78
13631,100,11,3070.42,279.1290909090909,3070.42
13632,25,5,2118.93,14.613310344827585,2118.93
13634,33,5,1547.3600000000001,8.319139784946238,1547.3600000000001
13635,68,1,1071.03,17.274677419354838,1071.03
13636,37,5,949.12,15.065396825396826,949.12
13637,52,3,804.3,8.124242424242423,804.3
13638,16,1,122.64,15.33,122.64
13639,74,1,1033.34,25.833499999999997,1033.34
13642,216,1,312.28,5.478596491228069,312.28
13643,31,3,519.44,18.551428571428573,519.44
13644,16,4,2624.26,17.974383561643837,2624.26
13645,120,1,252.1,50.42,252.1
13647,10,4,1648.1200000000001,21.12974358974359,1648.1200000000001
13649,257,2,346.6,15.069565217391306,346.6
13650,17,6,1836.34,19.128541666666667,1836.34
13651,35,2,94.2,15.700000000000001,94.2
13652,46,3,1095.08,17.38222222222222,1095.08
13654,43,6,2707.33,16.30921686746988,2707.33
13655,114,2,932.97,16.66017857142857,932.97
13656,165,2,379.65,7.747959183673469,379.65
13657,11,2,382.14,23.88375,382.14
13658,10,5,2639.17,24.43675925925926,2639.17
13659,206,2,1563.0,15.174757281553399,1563.0
13662,86,3,881.26,16.947307692307692,881.26
13663,179,1,189.47,14.574615384615385,189.47
13666,60,3,84.65,7.054166666666667,84.65
13667,149,1,299.05,3.603012048192771,299.05
13668,3,21,6309.83,13.628142548596113,6309.83
13669,51,2,218.55,24.283333333333335,218.55
13670,75,1,349.7,13.988,349.7
13672,301,2,186.39000000000001,31.065,186.39000000000001
13673,19,2,387.44,6.457333333333334,387.44
13675,151,2,486.82000000000005,19.472800000000003,486.82000000000005
13678,152,1,232.6,14.5375,232.6
13680,1,4,3719.12,19.170721649484534,3719.12
13681,18,4,827.83,14.523333333333333,827.83
13682,187,1,59.5,19.833333333333332,59.5
13684,286,1,65.13,2.245862068965517,65.13
13685,3,7,3119.44,79.98564102564103,3119.44
13686,183,1,72.0,9.0,72.0
13689,63,1,910.0,151.66666666666666,910.0
13690,59,1,172.25,19.13888888888889,172.25
13692,25,3,1488.32,28.081509433962264,1488.32
13694,4,50,65039.62,114.50637323943663,65039.62
13695,31,15,2504.13,27.823666666666668,2504.13
13697,39,1,151.29999999999998,12.608333333333333,151.29999999999998
13699,155,1,308.58000000000004,22.041428571428575,308.58000000000004
13700,26,10,2248.63,11.590876288659794,2248.63
13703,318,1,99.5,99.5,99.5
13704,5,9,2308.06,17.224328358208954,2308.06
13705,8,3,711.86,25.423571428571428,711.86
13706,303,1,330.79,16.5395,330.79
13707,267,2,806.41,16.800208333333334,806.41
13708,271,1,285.33,5.823061224489796,285.33
13709,4,13,6307.650000000001,18.828805970149254,6307.650000000001
13710,32,1,180.48,22.56,180.48
13711,219,2,252.06,19.38923076923077,252.06
13712,247,1,228.84,22.884,228.84
13715,281,5,1077.39,10.359519230769232,1077.39
13716,269,1,138.28,6.584761904761905,138.28
13717,32,6,1445.01,14.166764705882352,1445.01
13718,246,2,306.55,25.545833333333334,306.55
13719,15,5,1041.68,17.361333333333334,1041.68
13720,117,4,799.9,18.60232558139535,799.9
13721,36,1,524.14,18.719285714285714,524.14
13722,132,3,2375.41,27.945999999999998,2375.41
13723,217,1,199.85000000000002,33.30833333333334,199.85000000000002
13725,50,8,1980.56,19.043846153846154,1980.56
13726,39,2,1079.6599999999999,25.70619047619047,1079.6599999999999
13727,29,2,333.48,16.674,333.48
13728,37,6,1016.14,16.12920634920635,1016.14
13730,136,2,752.6,17.50232558139535,752.6
13731,219,2,610.59,16.068157894736842,610.59
13732,28,1,491.86,14.904848484848486,491.86
13735,25,4,2883.54,14.787384615384616,2883.54
13736,5,2,729.8,3.8410526315789473,729.8
13737,200,1,339.59999999999997,11.319999999999999,339.59999999999997
13739,18,1,216.9,72.3,216.9
13740,241,1,350.75,15.25,350.75
13741,72,3,668.4300000000001,19.65970588235294,668.4300000000001
13742,17,12,3107.87,9.92929712460064,3107.87
13743,3,7,1341.6,32.72195121951219,1341.6
13744,95,2,1080.52,17.15111111111111,1080.52
13745,162,1,300.04,12.001600000000002,300.04
13747,374,1,79.6,79.6,79.6
13748,96,5,948.25,33.86607142857143,948.25
13750,54,5,1647.26,68.63583333333334,1647.26
13751,288,1,296.25,32.916666666666664,296.25
13752,124,6,1175.38,15.671733333333334,1175.38
13753,288,1,741.26,21.178857142857144,741.26
13754,152,2,282.59999999999997,23.549999999999997,282.59999999999997
13755,4,9,2108.06,6.567165109034268,2108.06
13756,2,14,5189.52,36.54591549295775,5189.52
13758,12,7,3190.55,27.26965811965812,3190.55
13759,33,2,659.4100000000001,26.376400000000004,659.4100000000001
13760,54,2,286.79,5.03140350877193,286.79
13761,50,2,1070.65,15.295000000000002,1070.65
13762,219,1,306.72,43.81714285714286,306.72
13763,63,1,1714.96,114.33066666666667,1714.96
13764,71,3,1519.42,7.340193236714976,1519.42
13767,2,37,17220.36,46.79445652173913,17220.36
13769,2,10,2796.51,20.71488888888889,2796.51
13771,64,4,2634.45,22.138235294117646,2634.45
13772,34,3,1122.63,6.489190751445087,1122.63
13774,82,1,345.0,15.681818181818182,345.0
13777,1,33,25977.16,131.86375634517768,25977.16
13778,103,1,178.7,19.855555555555554,178.7
13780,7,2,360.01,6.315964912280702,360.01
13781,251,1,127.84,7.5200000000000005,127.84
13782,13,6,908.86,8.043008849557522,908.86
13784,10,11,2462.79,79.44483870967741,2462.79
13786,367,1,230.39999999999998,32.91428571428571,230.39999999999998
13787,76,2,309.04,9.969032258064518,309.04
13790,4,1,348.8,7.751111111111111,348.8
13791,128,2,1516.0,137.8181818181818,1516.0
13792,66,2,195.55,15.042307692307693,195.55
13798,1,57,37153.85,106.4580229226361,37153.85
13799,117,2,688.86,17.663076923076922,688.86
13800,310,1,558.32,16.91878787878788,558.32
13801,67,1,324.8,14.121739130434783,324.8
13802,139,3,4599.42,76.657,4599.42
13803,255,1,277.07,16.298235294117646,277.07
13804,31,7,2588.39,19.173259259259257,2588.39
13805,52,2,924.6,71.12307692307692,924.6
13806,64,1,256.38,25.637999999999998,256.38
13807,367,1,112.6,16.085714285714285,112.6
13808,6,5,1747.66,22.995526315789476,1747.66
13809,305,1,155.05,12.920833333333334,155.05
13810,29,3,1499.01,42.828857142857146,1499.01
13811,184,3,814.5,62.65384615384615,814.5
13812,42,3,539.0,14.972222222222221,539.0
13813,40,4,1366.8600000000001,19.809565217391306,1366.8600000000001
13814,92,2,1579.12,27.703859649122805,1579.12
13815,22,4,4027.36,22.882727272727273,4027.36
13816,24,2,571.6700000000001,20.416785714285716,571.6700000000001
13817,29,2,382.98,15.957500000000001,382.98
13819,302,3,1140.35,31.676388888888887,1140.35
13821,145,2,385.64,6.536271186440678,385.64
13822,6,2,632.0,6.583333333333333,632.0
13823,19,2,957.66,23.941499999999998,957.66
13824,33,5,1698.94,36.93347826086956,1698.94
13826,176,1,189.5,18.95,189.5
13827,58,3,409.8,4.4543478260869565,409.8
13828,22,1,209.49,13.966000000000001,209.49
13831,16,6,2198.45,30.534027777777776,2198.45
13832,19,1,52.199999999999996,17.4,52.199999999999996
13833,159,1,383.85,13.708928571428572,383.85
13835,25,4,834.57,15.174000000000001,834.57
13837,212,2,266.59000000000003,14.810555555555558,266.59000000000003
13838,6,4,674.82,4.089818181818182,674.82
13841,253,1,85.0,85.0,85.0
13842,59,9,3385.62,16.43504854368932,3385.62
13844,11,1,361.62,18.081,361.62
13845,65,1,312.98,34.775555555555556,312.98
13846,25,3,865.0600000000001,15.728363636363637,865.0600000000001
13848,92,3,1255.0,251.0,1255.0
13849,52,2,1537.95,15.227227722772279,1537.95
13850,129,1,1595.48,17.155698924731183,1595.48
13851,96,3,2651.46,32.73407407407407,2651.46
13853,57,1,1090.14,47.39739130434783,1090.14
13854,9,25,8109.5199999999995,73.72290909090908,8109.5199999999995
13856,169,3,388.5,27.75,388.5
13858,57,1,216.17,19.651818181818182,216.17
13859,326,1,201.16,7.184285714285714,201.16
13860,1,5,1245.9,16.39342105263158,1245.9
13862,18,8,2209.36,15.894676258992806,2209.36
13863,248,1,305.78,15.288999999999998,305.78
13865,58,4,501.56,16.718666666666667,501.56
13866,74,1,145.67000000000002,20.810000000000002,145.67000000000002
13867,31,3,1005.09,16.7515,1005.09
13868,7,2,3192.54,96.74363636363637,3192.54
13869,123,4,3083.65,10.143585526315789,3083.65
13870,2,8,2770.94,24.095130434782607,2770.94
13871,23,13,6403.25,19.057291666666668,6403.25
13873,120,3,389.6,16.93913043478261,389.6
13874,358,1,540.45,30.025000000000002,540.45
13875,54,5,1786.79,17.180673076923078,1786.79
13876,64,1,122.7,17.52857142857143,122.7
13877,86,1,117.24,39.08,117.24
13878,55,1,1271.57,36.330571428571425,1271.57
13880,21,13,3219.77,19.513757575757577,3219.77
13881,4,20,17159.52,96.40179775280899,17159.52
13882,3,5,1191.13,18.325076923076924,1191.13
13883,11,5,2674.48,18.834366197183098,2674.48
13884,7,5,787.6,13.349152542372881,787.6
13885,189,2,506.8,18.1,506.8
13886,71,1,243.56,15.2225,243.56
13887,204,1,349.55,18.397368421052633,349.55
13888,120,2,595.67,15.273589743589742,595.67
13889,93,1,416.90000000000003,27.793333333333337,416.90000000000003
13890,1,10,1883.8100000000002,17.125545454545456,1883.8100000000002
13892,27,4,632.97,23.443333333333335,632.97
13893,298,1,821.1,39.1,821.1
13894,24,3,564.62,20.911851851851853,564.62
13895,28,4,2593.07,21.975169491525424,2593.07
13897,50,1,311.16,18.303529411764707,311.16
13898,326,1,155.93,12.994166666666667,155.93
13899,16,2,388.52,20.448421052631577,388.52
13900,183,3,740.95,17.23139534883721,740.95
13901,72,5,2867.2,19.242953020134227,2867.2
13904,37,2,332.64,12.793846153846154,332.64
13908,80,4,2369.55,19.42254098360656,2369.55
13911,57,9,2580.91,17.43858108108108,2580.91
13914,12,2,626.45,18.983333333333334,626.45
13917,50,2,272.04,15.113333333333335,272.04
13918,50,2,1212.8400000000001,40.428000000000004,1212.8400000000001
13919,59,2,384.81,13.743214285714286,384.81
13922,352,1,172.25,24.607142857142858,172.25
13923,54,1,351.13,17.5565,351.13
13924,2,6,1838.8500000000001,15.716666666666669,1838.8500000000001
13925,93,4,678.25,16.54268292682927,678.25
13926,23,1,223.85000000000002,20.35,223.85000000000002
13927,75,1,348.99,16.61857142857143,348.99
13928,11,4,464.57,17.206296296296298,464.57
13929,169,2,842.65,93.62777777777778,842.65
13930,58,2,337.34,19.843529411764706,337.34
13931,96,2,1237.53,21.336724137931036,1237.53
13932,295,1,307.4,19.2125,307.4
13933,109,2,608.7900000000001,26.469130434782613,608.7900000000001
13934,264,1,922.1,29.74516129032258,922.1
13936,180,1,376.58,14.483846153846153,376.58
13937,169,1,158.85,17.65,158.85
13938,35,1,71.66,10.237142857142857,71.66
13939,23,3,568.55,12.634444444444444,568.55
13940,17,4,839.14,17.12530612244898,839.14
13941,22,5,5112.96,113.62133333333334,5112.96
13946,79,3,561.5699999999999,51.05181818181818,561.5699999999999
13947,65,1,90.6,18.119999999999997,90.6
13948,361,1,102.0,34.0,102.0
13949,3,6,2427.32,15.170750000000002,2427.32
13950,11,4,745.06,21.28742857142857,745.06
13951,176,3,674.45,17.293589743589745,674.45
13952,218,2,3251.071,23.730445255474454,3251.071
13953,7,7,3515.68,175.784,3515.68
13954,2,2,439.92,17.5968,439.92
13955,154,2,322.96,9.786666666666665,322.96
13956,5,5,1019.27,6.933809523809524,1019.27
13959,79,3,594.04,6.600444444444444,594.04
13960,21,2,230.22,19.185,230.22
13962,22,2,169.55,15.413636363636364,169.55
13963,308,4,664.54,18.986857142857144,664.54
13967,146,1,80.7,40.35,80.7
13969,7,18,9024.17,14.578626817447496,9024.17
13971,19,8,2758.26,18.511812080536913,2758.26
13972,71,2,190.25,12.683333333333334,190.25
13973,287,1,264.7,24.063636363636363,264.7
13974,49,1,413.59000000000003,14.77107142857143,413.59000000000003
13975,31,6,2461.2400000000002,7.480972644376901,2461.2400000000002
13976,207,1,357.98,35.798,357.98
13978,15,2,196.79000000000002,13.119333333333335,196.79000000000002
13979,73,1,869.87,16.108703703703704,869.87
13980,60,1,200.14,18.19454545454545,200.14
13982,39,4,1871.81,16.863153153153153,1871.81
13983,30,12,2603.43,24.3311214953271,2603.43
13984,27,5,920.51,57.531875,920.51
13985,4,15,7060.13,20.229598853868197,7060.13
13986,17,1,320.46,24.650769230769228,320.46
13988,20,6,4147.96,17.726324786324785,4147.96
13989,66,2,1266.08,30.88,1266.08
13990,213,1,311.3,19.45625,311.3
13991,12,6,852.88,10.400975609756097,852.88
13992,30,1,76.8,15.36,76.8
13993,43,9,3466.36,28.647603305785125,3466.36
13994,4,6,2274.14,15.36581081081081,2274.14
13995,15,5,1393.69,16.205697674418605,1393.69
13999,10,12,3901.81,18.758701923076924,3901.81
14000,211,1,635.66,42.37733333333333,635.66
14001,46,3,2043.0800000000002,52.38666666666667,2043.0800000000002
14002,134,2,529.73,11.270851063829788,529.73
14004,43,7,4582.64,26.799064327485382,4582.64
14005,10,5,2874.72,34.22285714285714,2874.72
14006,116,3,962.19,32.073,962.19
14009,198,2,695.61,16.562142857142856,695.61
14012,278,1,328.8,29.89090909090909,328.8
14013,110,3,473.02,13.91235294117647,473.02
14014,77,1,505.18,12.953333333333333,505.18
14015,53,1,917.34,45.867000000000004,917.34
14016,162,4,4341.21,26.964037267080744,4341.21
14019,47,3,1421.61,21.539545454545454,1421.61
14020,17,2,642.8,16.48205128205128,642.8
14021,155,3,631.9,28.722727272727273,631.9
14022,225,1,440.0,15.714285714285714,440.0
14023,7,2,584.07,18.840967741935486,584.07
14024,122,2,327.7,20.48125,327.7
14027,61,1,104.82,17.47,104.82
14029,63,2,467.66,31.177333333333333,467.66
14030,18,8,2358.84,9.747272727272728,2358.84
14031,7,19,17286.86,69.14744,17286.86
14032,2,11,2975.59,20.80832167832168,2975.59
14034,22,3,648.89,7.545232558139535,648.89
14035,29,5,1428.02,21.636666666666667,1428.02
14036,285,1,626.65,16.49078947368421,626.65
14037,176,2,147.20000000000002,5.257142857142858,147.20000000000002
14038,78,3,1560.38,16.960652173913044,1560.38
14039,33,1,152.2,25.366666666666664,152.2
14040,41,12,3560.32,15.547248908296943,3560.32
14041,266,1,141.41,6.733809523809524,141.41
14044,27,4,646.42,3.1379611650485435,646.42
14045,109,4,1659.75,276.625,1659.75
14046,284,1,154.99,11.070714285714287,154.99
14047,9,5,1308.6100000000001,40.894062500000004,1308.6100000000001
14048,305,1,409.93,4.822705882352941,409.93
14049,17,4,5578.72,11.670962343096235,5578.72
14050,32,2,746.36,13.821481481481483,746.36
14051,1,23,15610.390000000001,74.33519047619048,15610.390000000001
14052,20,1,225.36,4.024285714285715,225.36
14053,124,2,260.25,65.0625,260.25
14054,65,1,92.46,15.409999999999998,92.46
14055,106,1,725.6400000000001,72.56400000000001,725.6400000000001
14056,1,23,8152.71,7.493299632352941,8152.71
14057,24,17,6211.66,21.949328621908126,6211.66
14059,267,1,183.6,22.95,183.6
14060,5,19,6140.42,30.39811881188119,6140.42
14062,10,12,10464.85,94.27792792792793,10464.85
14064,29,5,1334.34,17.329090909090908,1334.34
14066,267,1,152.55,21.792857142857144,152.55
14067,64,2,374.7,7.2057692307692305,374.7
14068,320,1,265.85,11.077083333333334,265.85
14071,4,8,1437.57,4.450681114551084,1437.57
14073,32,1,151.04,11.618461538461538,151.04
14075,5,3,942.26,21.913023255813954,942.26
14076,129,1,118.67,2.6970454545454547,118.67
14077,41,5,499.41999999999996,11.89095238095238,499.41999999999996
14078,102,6,1049.37,16.144153846153845,1049.37
14079,125,1,375.1,31.258333333333336,375.1
14080,33,1,45.599999999999994,11.399999999999999,45.599999999999994
14081,302,2,921.62,6.1441333333333334,921.62
14082,365,1,182.25,6.2844827586206895,182.25
14083,4,9,1002.9,5.6661016949152545,1002.9
14085,2,18,4421.29,9.868950892857143,4421.29
14087,3,1,191.47,2.8157352941176472,191.47
14088,10,13,50491.81,85.7246349745331,50491.81
14089,57,1,158.75,12.211538461538462,158.75
14090,325,1,76.32000000000001,76.32000000000001,76.32000000000001
14092,8,14,4076.91,19.050981308411213,4076.91
14093,12,1,433.86,4.3386000000000005,433.86
14096,4,17,65164.79,12.749909998043435,65164.79
14098,37,1,147.35,7.016666666666667,147.35
14099,16,11,3104.17,12.41668,3104.17
14100,138,1,191.95000000000002,7.678000000000001,191.95000000000002
14101,74,6,5976.79,170.76542857142857,5976.79
14102,5,5,1105.8799999999999,19.066896551724135,1105.8799999999999
14104,155,2,216.20999999999998,10.295714285714284,216.20999999999998
14105,239,1,1266.23,17.111216216216217,1266.23
14107,52,7,2703.23,21.977479674796747,2703.23
14108,31,2,597.91,17.585588235294118,597.91
14109,73,1,144.2,16.022222222222222,144.2
14110,4,12,5683.15,36.66548387096774,5683.15
14111,14,4,692.85,69.285,692.85
14112,23,7,2915.15,18.2196875,2915.15
14113,4,4,1840.42,54.13,1840.42
14114,274,2,386.53,25.768666666666665,386.53
14116,20,5,1382.74,19.204722222222223,1382.74
14117,144,1,90.0,30.0,90.0
14121,4,4,2780.15,17.485220125786164,2780.15
14124,84,1,419.58000000000004,83.91600000000001,419.58000000000004
14125,11,3,2720.63,16.38933734939759,2720.63
14126,8,3,706.1300000000001,47.07533333333334,706.1300000000001
14127,123,3,709.71,16.129772727272726,709.71
14128,61,2,637.5,13.858695652173912,637.5
14129,2,5,1123.8600000000001,21.61269230769231,1123.8600000000001
14130,319,1,480.91,7.286515151515152,480.91
14132,2,11,3586.0299999999997,17.930149999999998,3586.0299999999997
14133,130,3,605.64,21.63,605.64
14135,2,15,4690.31,35.00231343283583,4690.31
14138,2,2,965.8800000000001,20.99739130434783,965.8800000000001
14139,46,1,415.82,15.993076923076924,415.82
14140,4,2,935.05,14.167424242424241,935.05
14141,3,4,915.13,22.87825,915.13
14142,373,1,311.81,14.173181818181819,311.81
14143,134,1,115.8,16.54285714285714,115.8
14145,47,4,3742.2,340.2,3742.2
14146,9,5,4191.0,19.957142857142856,4191.0
14147,78,2,483.4,96.67999999999999,483.4
14148,234,1,157.2,52.4,157.2
14149,221,1,446.62,15.950714285714286,446.62
14150,36,2,658.64,25.33230769230769,658.64
14152,75,2,621.29,12.67938775510204,621.29
14154,239,2,1345.62,25.87730769230769,1345.62
14155,266,1,118.75,19.791666666666668,118.75
14156,10,55,117210.08,84.02156272401434,117210.08
14157,20,2,424.89000000000004,9.236739130434783,424.89000000000004
14158,40,1,507.66,12.381951219512196,507.66
14159,20,11,4630.35,3.9407234042553196,4630.35
14161,216,3,1097.6200000000001,10.554038461538463,1097.6200000000001
14162,174,2,289.36,11.5744,289.36
14163,87,4,2445.91,47.036730769230765,2445.91
14164,71,2,1631.77,56.26793103448276,1631.77
14165,276,1,120.44,5.0183333333333335,120.44
14167,39,4,562.59,11.251800000000001,562.59
14171,98,1,363.79,6.272241379310345,363.79
14173,11,4,450.84,15.546206896551723,450.84
14174,33,1,134.46,5.171538461538462,134.46
14175,60,3,3222.3,21.626174496644296,3222.3
14176,297,4,576.9000000000001,18.609677419354842,576.9000000000001
14177,86,4,549.46,13.401463414634147,549.46
14178,9,7,1600.26,5.032264150943396,1600.26
14179,41,2,701.57,4.46859872611465,701.57
14180,11,25,4748.52,19.785500000000003,4748.52
14184,67,1,452.89,18.870416666666667,452.89
14185,331,1,197.65,65.88333333333334,197.65
14188,31,6,2054.36,31.605538461538462,2054.36
14189,2,15,4654.08,17.56256603773585,4654.08
14191,2,13,4684.76,18.08787644787645,4684.76
14193,68,2,853.39,20.318809523809524,853.39
14194,5,21,11349.52,19.601934369602763,11349.52
14195,202,2,1012.0,144.57142857142858,1012.0
14196,107,1,335.52,55.919999999999995,335.52
14198,18,4,701.4,17.984615384615385,701.4
14199,218,1,185.39999999999998,92.69999999999999,185.39999999999998
14201,60,7,747.44,20.20108108108108,747.44
14204,2,1,150.61,3.861794871794872,150.61
14205,17,2,466.7,19.445833333333333,466.7
14206,239,1,328.15999999999997,16.407999999999998,328.15999999999997
14208,95,1,151.74,15.174000000000001,151.74
14209,11,6,2073.43,23.83252873563218,2073.43
14210,106,6,1905.8400000000001,18.684705882352944,1905.8400000000001
14211,53,9,2241.1,20.009821428571428,2241.1
14212,90,1,1070.48,118.94222222222223,1070.48
14214,31,5,1004.38,14.990746268656716,1004.38
14215,12,6,1789.72,16.57148148148148,1789.72
14216,3,4,1839.3,31.17457627118644,1839.3
14217,2,17,2004.98,20.0498,2004.98
14218,43,1,169.48000000000002,14.123333333333335,169.48000000000002
14219,4,1,89.94,12.848571428571429,89.94
14220,247,2,632.4,30.114285714285714,632.4
14221,42,9,3432.8,17.78652849740933,3432.8
14222,177,1,683.17,16.662682926829266,683.17
14223,92,3,991.13,16.518833333333333,991.13
14224,110,4,1009.73,8.93566371681416,1009.73
14226,29,5,2214.79,33.55742424242424,2214.79
14227,26,10,3350.96,19.148342857142858,3350.96
14229,52,3,1547.2,38.68,1547.2
14231,184,3,925.71,18.514200000000002,925.71
14232,43,5,2048.07,17.80930434782609,2048.07
14233,49,4,1462.72,41.792,1462.72
14234,22,4,754.12,5.130068027210885,754.12
14235,75,5,3144.86,39.80835443037975,3144.86
14236,81,2,490.86,32.724000000000004,490.86
14237,373,1,161.0,17.88888888888889,161.0
14238,326,1,146.85,18.35625,146.85
14239,43,11,2380.85,21.257589285714285,2380.85
14240,30,2,890.34,21.19857142857143,890.34
14241,184,1,213.70000000000002,21.37,213.70000000000002
14242,235,2,280.55,17.534375,280.55
14243,9,10,2588.77,18.360070921985816,2588.77
14245,220,2,1693.45,15.680092592592594,1693.45
14246,111,3,1474.06,19.654133333333334,1474.06
14247,278,1,136.76999999999998,6.838499999999999,136.76999999999998
14248,318,1,302.58,37.8225,302.58
14250,7,3,1904.05,17.153603603603603,1904.05
14251,2,5,2879.7000000000003,36.91923076923077,2879.7000000000003
14256,260,2,969.0600000000001,18.284150943396227,969.0600000000001
14257,64,5,3099.7200000000003,29.242641509433966,3099.7200000000003
14258,9,9,12669.98,114.14396396396396,12669.98
14259,142,1,120.0,24.0,120.0
14261,51,2,1163.45,22.37403846153846,1163.45
14262,8,8,2618.23,18.3093006993007,2618.23
14264,155,2,333.97,19.64529411764706,333.97
14265,109,2,530.18,17.10258064516129,530.18
14267,163,3,1516.24,27.568,1516.24
14270,332,1,492.65000000000003,16.98793103448276,492.65000000000003
14271,226,1,112.32,11.232,112.32
14272,74,2,437.96,13.271515151515151,437.96
14273,51,4,559.97,19.309310344827587,559.97
14276,99,3,1119.74,17.4959375,1119.74
14277,15,3,4188.0,18.864864864864863,4188.0
14280,197,1,134.04,16.755,134.04
14282,3,15,3701.44,24.035324675324677,3701.44
14284,31,2,595.25,18.6015625,595.25
14285,21,4,1910.01,70.74111111111111,1910.01
14286,24,3,4628.75,16.53125,4628.75
14287,8,3,176.63,19.625555555555554,176.63
14288,213,1,426.6,26.6625,426.6
14289,9,6,911.26,19.388510638297873,911.26
14290,11,5,2314.65,22.917326732673267,2314.65
14291,2,11,3883.25,16.385021097046412,3883.25
14292,8,9,4871.93,48.719300000000004,4871.93
14293,3,4,1046.56,17.15672131147541,1046.56
14295,40,1,166.20000000000002,33.24,166.20000000000002
14297,18,4,1305.33,21.053709677419352,1305.33
14298,8,44,51527.3,31.476664630421503,51527.3
14299,8,9,3965.62,27.73160839160839,3965.62
14300,19,1,43.2,14.4,43.2
14301,117,1,640.14,49.24153846153846,640.14
14304,223,1,383.45,22.555882352941175,383.45
14305,71,3,1858.96,17.70438095238095,1858.96
14306,51,2,2093.32,63.4339393939394,2093.32
14307,89,6,2995.72,16.642888888888887,2995.72
14309,8,9,2352.53,20.10709401709402,2352.53
14311,243,1,310.26,15.513,310.26
14312,47,6,1611.59,18.524022988505745,1611.59
14314,107,1,120.0,15.0,120.0
14315,45,6,2481.13,24.565643564356435,2481.13
14317,65,1,508.58000000000004,21.190833333333334,508.58000000000004
14320,207,2,477.79,15.412580645161292,477.79
14321,11,5,1530.75,12.445121951219512,1530.75
14323,115,2,605.0600000000001,16.807222222222222,605.0600000000001
14326,242,1,183.85,22.98125,183.85
14327,163,1,311.65,25.97083333333333,311.65
14329,17,7,4975.24,19.28387596899225,4975.24
14331,124,2,462.65999999999997,16.523571428571426,462.65999999999997
14332,23,3,840.21,33.6084,840.21
14333,68,1,415.2,27.68,415.2
14334,17,8,2552.21,15.754382716049383,2552.21
14335,16,2,454.86,7.581,454.86
14336,17,4,1614.91,17.943444444444445,1614.91
14338,161,2,588.22,18.97483870967742,588.22
14339,243,1,309.52,22.108571428571427,309.52
14340,219,1,134.7,22.45,134.7
14341,45,8,2166.98,16.92953125,2166.98
14342,21,4,668.5600000000001,31.836190476190477,668.5600000000001
14344,127,8,889.9300000000001,12.534225352112676,889.9300000000001
14345,39,1,108.97999999999999,18.16333333333333,108.97999999999999
14346,121,2,1021.58,17.026333333333334,1021.58
14348,260,1,409.57,22.753888888888888,409.57
14349,10,1,133.5,4.306451612903226,133.5
14350,274,1,282.93,15.718333333333334,282.93
14351,165,1,51.0,51.0,51.0
14352,157,4,1078.96,22.95659574468085,1078.96
14353,215,1,90.6,15.1,90.6
14354,6,2,163.62,18.18,163.62
14355,366,1,174.4,15.854545454545455,174.4
14356,80,2,701.23,21.24939393939394,701.23
14357,43,1,225.12,5.628,225.12
14359,19,3,912.18,16.58509090909091,912.18
14360,32,4,2118.03,18.102820512820514,2118.03
14362,22,1,151.5,4.094594594594595,151.5
14364,109,8,3717.35,53.87463768115942,3717.35
14367,8,16,9227.82,17.711746641074857,9227.82
14368,320,1,155.0,19.375,155.0
14371,295,1,100.5,25.125,100.5
14373,358,1,76.55,19.1375,76.55
14375,185,1,235.56,3.5690909090909093,235.56
14377,191,2,617.05,56.095454545454544,617.05
14379,44,2,348.1,7.567391304347827,348.1
14381,52,1,202.68,3.619285714285714,202.68
14382,26,1,615.49,4.88484126984127,615.49
14383,38,3,1247.69,21.14728813559322,1247.69
14385,9,3,202.11,14.436428571428573,202.11
14386,297,1,142.4,20.342857142857145,142.4
14387,33,3,1727.6,12.428776978417266,1727.6
14388,10,8,3212.84,17.273333333333333,3212.84
14389,65,2,1043.46,23.188000000000002,1043.46
14390,10,9,4642.57,16.347077464788732,4642.57
14393,218,1,67.95,13.59,67.95
14395,2,9,3479.91,9.999741379310345,3479.91
14396,65,2,487.99,6.684794520547945,487.99
14397,3,19,2612.96,30.034022988505747,2612.96
14400,149,1,574.7,22.988000000000003,574.7
14401,4,13,4051.48,22.26087912087912,4051.48
14403,130,4,1475.81,73.7905,1475.81
14404,34,6,1449.32,14.4932,1449.32
14406,119,1,156.75,19.59375,156.75
14407,107,6,2157.73,29.557945205479452,2157.73
14408,11,7,2599.03,24.519150943396227,2599.03
14409,71,6,2059.4500000000003,38.137962962962966,2059.4500000000003
14410,92,9,1100.27,5.821534391534391,1100.27
14411,311,1,1063.0,75.92857142857143,1063.0
14412,43,2,770.03,17.90767441860465,770.03
14413,362,1,121.05,5.502272727272727,121.05
14414,92,7,1496.98,15.432783505154639,1496.98
14415,1,13,5855.57,10.113246977547496,5855.57
14416,22,2,490.22,35.01571428571429,490.22
14418,4,3,1937.25,15.622983870967742,1937.25
14419,11,6,1051.79,5.206881188118811,1051.79
14420,99,1,387.52,13.362758620689654,387.52
14421,57,2,813.11,30.115185185185187,813.11
14422,1,6,4263.64,19.205585585585588,4263.64
14423,218,1,265.2,88.39999999999999,265.2
14424,18,1,322.08,322.08,322.08
14426,24,10,4481.67,20.007455357142856,4481.67
14427,50,2,363.34000000000003,21.37294117647059,363.34000000000003
14428,7,5,1224.06,8.934744525547444,1224.06
14431,303,1,470.36,27.668235294117647,470.36
14432,10,6,2248.5,5.964190981432361,2248.5
14434,22,6,1372.8,114.39999999999999,1372.8
14436,99,1,89.06,9.895555555555555,89.06
14437,366,1,63.0,12.6,63.0
14438,306,1,131.9,14.655555555555557,131.9
14439,320,1,2661.24,83.16375,2661.24
14440,8,5,2357.6800000000003,42.8669090909091,2357.6800000000003
14441,1,4,1712.89,33.58607843137255,1712.89
14442,205,2,1589.82,25.235238095238095,1589.82
14443,54,4,1420.2,15.270967741935484,1420.2
14446,1,4,1010.35,3.6474729241877255,1010.35
14447,19,5,1163.23,16.617571428571427,1163.23
14448,9,2,375.35,18.767500000000002,375.35
14449,19,4,885.8,3.5431999999999997,885.8
14450,181,3,483.25,12.08125,483.25
14451,60,2,643.9,6.132380952380952,643.9
14452,11,2,259.05,4.3175,259.05
14453,190,1,119.93,5.451363636363637,119.93
14456,5,9,3017.28,3.1861457233368533,3017.28
14457,311,1,113.64,28.41,113.64
14459,155,1,1837.92,49.67351351351351,1837.92
14460,110,3,434.34,27.14625,434.34
14461,148,3,2103.06,11.683666666666666,2103.06
14462,66,11,1980.57,8.500300429184549,1980.57
14463,98,3,529.62,88.27,529.62
14465,247,3,1038.44,8.44260162601626,1038.44
14466,29,7,2272.4,31.561111111111114,2272.4
14467,18,4,596.26,6.699550561797753,596.26
14470,12,2,461.19,10.725348837209303,461.19
14472,104,8,1852.67,6.991207547169812,1852.67
14473,74,2,234.34000000000003,33.47714285714286,234.34000000000003
14474,46,1,547.66,18.884827586206896,547.66
14475,72,3,925.85,22.04404761904762,925.85
14476,257,1,193.0,11.352941176470589,193.0
14477,20,4,1309.6,130.95999999999998,1309.6
14479,254,2,316.25,17.569444444444443,316.25
14480,11,1,279.05,21.465384615384615,279.05
14481,165,2,636.51,21.217,636.51
14482,18,6,2022.81,14.765036496350364,2022.81
14483,282,1,137.1,15.233333333333333,137.1
14484,50,1,321.92,22.994285714285716,321.92
14485,39,1,162.8,3.539130434782609,162.8
14487,27,6,1165.48,8.324857142857143,1165.48
14488,68,1,1064.28,23.136521739130433,1064.28
14489,207,1,463.38,15.446,463.38
14491,175,2,340.93,20.05470588235294,340.93
14493,7,5,2383.2400000000002,19.860333333333337,2383.2400000000002
14494,26,1,139.56,19.937142857142856,139.56
14495,51,2,123.8,20.633333333333333,123.8
14496,312,2,538.8100000000001,28.35842105263158,538.8100000000001
14497,309,1,475.37,16.392068965517243,475.37
14498,43,5,1957.32,10.141554404145078,1957.32
14499,26,3,808.44,4.254947368421053,808.44
14500,88,3,356.85,50.978571428571435,356.85
14501,184,2,251.21,25.121000000000002,251.21
14502,20,11,2429.83,3.9964309210526316,2429.83
14503,3,6,3543.26,21.605243902439025,3543.26
14504,47,4,673.26,6.2921495327102805,673.26
14505,17,8,5859.43,7.464242038216561,5859.43
14506,17,5,1960.65,6.6462711864406785,1960.65
14507,24,6,1367.88,14.398736842105265,1367.88
14508,22,2,268.05,4.873636363636364,268.05
14511,11,5,1314.81,19.33544117647059,1314.81
14512,188,2,275.28,11.968695652173912,275.28
14513,101,3,455.59000000000003,37.965833333333336,455.59000000000003
14514,61,3,990.2,14.35072463768116,990.2
14515,18,6,2076.89,21.192755102040817,2076.89
14517,33,2,330.45,18.358333333333334,330.45
14518,64,1,174.37,10.898125,174.37
14520,2,2,270.6,67.65,270.6
14522,24,4,974.54,57.32588235294117,974.54
14523,108,1,241.09,20.090833333333332,241.09
14524,32,9,1843.83,9.359543147208122,1843.83
14525,20,9,4215.9,14.95,4215.9
14527,3,55,8507.13,8.761204943357363,8507.13
14528,37,1,364.21999999999997,20.234444444444442,364.21999999999997
14529,60,3,578.61,2.7164788732394367,578.61
14530,26,6,2862.11,13.437136150234743,2862.11
14532,236,4,932.85,14.57578125,932.85
14533,25,7,1949.72,31.44709677419355,1949.72
14534,3,18,4397.3,8.656102362204726,4397.3
14535,60,3,2854.84,8.70378048780488,2854.84
14536,260,1,170.95,9.497222222222222,170.95
14537,58,1,355.56,35.556,355.56
14538,65,2,388.25,20.43421052631579,388.25
14539,16,2,537.48,16.79625,537.48
14540,10,3,952.66,13.417746478873239,952.66
14541,59,8,1453.35,13.84142857142857,1453.35
14542,186,1,103.25,20.65,103.25
14543,29,16,3599.73,50.70042253521127,3599.73
14544,24,2,2004.3,18.056756756756755,2004.3
14546,5,5,2573.93,6.48345088161209,2573.93
14547,4,8,3974.75,11.196478873239437,3974.75
14548,151,2,652.8,163.2,652.8
14549,311,1,289.24,5.165,289.24
14550,11,2,757.37,16.114255319148935,757.37
14551,18,2,186.23,18.622999999999998,186.23
14552,152,1,164.22,2.8810526315789473,164.22
14553,19,5,859.27,7.604159292035398,859.27
14554,10,4,2279.4900000000002,11.229014778325125,2279.4900000000002
14555,57,2,312.54,16.449473684210528,312.54
14557,85,1,788.38,49.27375,788.38
14560,7,22,2237.77,30.240135135135134,2237.77
14561,76,3,1080.76,15.6631884057971,1080.76
14562,4,18,5006.77,11.949331742243437,5006.77
14565,96,4,3099.12,24.40251968503937,3099.12
14566,111,1,1432.0,358.0,1432.0
14567,57,2,1530.3600000000001,46.374545454545455,1530.3600000000001
14569,1,1,227.39,18.949166666666667,227.39
14570,281,2,218.06,7.519310344827586,218.06
14572,3,7,2804.54,10.704351145038167,2804.54
14573,180,9,1639.82,7.223876651982379,1639.82
14576,372,1,35.400000000000006,35.400000000000006,35.400000000000006
14577,13,4,859.71,6.989512195121952,859.71
14578,3,1,168.63,7.02625,168.63
14581,17,1,138.6,8.152941176470588,138.6
14582,41,1,114.11,19.018333333333334,114.11
14583,6,5,986.96,3.2680794701986757,986.96
14584,169,4,1033.06,10.54142857142857,1033.06
14585,50,1,157.05,5.415517241379311,157.05
14586,277,1,237.36,12.49263157894737,237.36
14587,19,9,1580.29,4.259541778975741,1580.29
14589,372,1,39.75,13.25,39.75
14591,15,4,1320.21,7.501193181818182,1320.21
14592,35,3,557.94,3.5312658227848104,557.94
14593,22,3,617.15,4.087086092715231,617.15
14594,7,2,363.33,6.987115384615384,363.33
14595,20,6,1740.6,17.06470588235294,1740.6
14597,11,2,866.24,18.430638297872342,866.24
14598,44,1,221.97,4.4394,221.97
14600,306,1,393.33000000000004,15.733200000000002,393.33000000000004
14601,11,1,213.96,30.565714285714286,213.96
14603,275,1,660.0,330.0,660.0
14606,1,93,12076.15,4.511075831154277,12076.15
14607,16,14,16209.5,200.1172839506173,16209.5
14608,4,4,1785.15,89.25750000000001,1785.15
14609,72,4,601.56,150.39,601.56
14616,243,3,406.08000000000004,135.36,406.08000000000004
14618,9,3,553.44,34.59,553.44
14619,246,1,394.44,19.722,394.44
14620,206,2,412.78000000000003,15.876153846153848,412.78000000000003
14621,1,5,1788.3600000000001,19.438695652173916,1788.3600000000001
14622,185,1,320.58000000000004,15.265714285714287,320.58000000000004
14623,32,5,886.7,6.666917293233083,886.7
14624,57,2,225.85,17.373076923076923,225.85
14625,196,2,899.63,16.974150943396225,899.63
14626,24,4,2791.27,22.87926229508197,2791.27
14628,91,2,671.96,27.998333333333335,671.96
14629,4,2,955.26,6.3684,955.26
14631,51,3,1006.98,24.56048780487805,1006.98
14632,263,1,114.56,14.32,114.56
14633,266,1,344.90000000000003,17.245,344.90000000000003
14636,36,2,609.85,21.780357142857145,609.85
14638,51,1,443.6,27.725,443.6
14639,52,6,2984.49,17.351686046511627,2984.49
14640,24,6,2107.38,20.070285714285717,2107.38
14641,22,1,110.46,15.78,110.46
14642,59,1,96.12,48.06,96.12
14643,170,2,693.8100000000001,22.380967741935486,693.8100000000001
14644,68,2,830.76,31.95230769230769,830.76
14645,157,2,597.09,19.903000000000002,597.09
14646,2,73,280206.02,134.97399807321773,280206.02
14647,201,1,236.04000000000002,8.430000000000001,236.04000000000002
14649,5,4,1402.59,7.5408064516129025,1402.59
14651,67,2,653.75,6.4727722772277225,653.75
14652,77,1,114.18,3.937241379310345,114.18
14653,1,7,1926.65,8.233547008547008,1926.65
14655,8,4,1932.23,39.43326530612245,1932.23
14656,169,2,291.05,3.638125,291.05
14657,18,4,848.22,6.7319047619047625,848.22
14658,5,2,247.15,8.522413793103448,247.15
14659,9,9,2529.93,9.999723320158102,2529.93
14660,87,2,285.74,9.524666666666667,285.74
14661,27,1,107.95,26.9875,107.95
14662,29,4,741.37,4.722101910828026,741.37
14664,20,2,636.24,6.492244897959184,636.24
14665,61,5,1835.7,20.39666666666667,1835.7
14666,24,1,195.25,13.946428571428571,195.25
14667,11,25,9175.04,16.18172839506173,9175.04
14669,242,3,1259.24,7.58578313253012,1259.24
14670,280,2,392.86,3.1939837398373987,392.86
14672,235,2,765.55,12.549999999999999,765.55
14673,3,5,1736.4,23.464864864864865,1736.4
14675,16,1,596.36,6.148041237113402,596.36
14676,31,6,2548.2400000000002,60.672380952380955,2548.2400000000002
14680,25,16,28754.11,111.45003875968993,28754.11
14681,71,3,498.95,71.27857142857142,498.95
14682,188,2,52.0,26.0,52.0
14684,26,5,1201.51,3.080794871794872,1201.51
14687,107,1,628.38,41.892,628.38
14688,8,21,5579.1,17.219444444444445,5579.1
14689,209,1,112.8,8.676923076923076,112.8
14690,44,2,355.05,7.3968750000000005,355.05
14691,31,5,2114.33,29.779295774647885,2114.33
14692,137,4,591.55,8.699264705882353,591.55
14693,265,1,172.9,21.6125,172.9
14696,4,7,2078.95,15.991923076923076,2078.95
14697,218,2,188.60999999999999,8.573181818181817,188.60999999999999
14698,2,5,1217.27,6.0863499999999995,1217.27
14699,214,1,109.13000000000001,13.641250000000001,109.13000000000001
14700,32,3,2195.1,19.599107142857143,2195.1
14701,11,9,2526.09,7.725045871559633,2526.09
14702,1,17,3251.79,9.508157894736842,3251.79
14703,15,1,318.17,14.462272727272728,318.17
14704,11,9,1493.96,3.8014249363867685,1493.96
14705,199,1,179.0,179.0,179.0
14708,3,3,1126.37,40.2275,1126.37
14709,15,13,4921.04,25.10734693877551,4921.04
14710,14,4,599.48,4.4079411764705885,599.48
14711,10,11,2839.62,8.230782608695652,2839.62
14712,29,3,917.07,36.6828,917.07
14713,9,11,2662.2,7.876331360946745,2662.2
14714,24,1,160.19,16.019,160.19
14715,25,4,867.38,12.21661971830986,867.38
14716,43,2,307.51,6.029607843137255,307.51
14719,2,5,1581.84,6.731234042553191,1581.84
14720,6,3,663.81,17.94081081081081,663.81
14722,147,1,180.42000000000002,6.443571428571429,180.42000000000002
14723,10,6,1122.3600000000001,4.333436293436294,1122.3600000000001
14725,25,1,655.58,13.948510638297874,655.58
14727,274,1,268.58,26.857999999999997,268.58
14729,374,1,313.49,4.415352112676056,313.49
14730,1,8,1897.57,4.107294372294372,1897.57
14731,47,3,380.02,8.444888888888888,380.02
14732,8,8,2702.4900000000002,18.384285714285717,2702.4900000000002
14733,16,12,9585.91,47.455,9585.91
14735,4,32,6065.69,31.26644329896907,6065.69
14737,4,3,1164.55,68.50294117647059,1164.55
14738,43,7,1314.45,24.34166666666667,1314.45
14739,4,7,3902.28,65.038,3902.28
14740,197,3,1448.21,16.272022471910113,1448.21
14741,12,6,1400.34,23.73457627118644,1400.34
14744,16,7,1099.98,42.30692307692308,1099.98
14745,113,5,1220.26,17.684927536231886,1220.26
14747,249,1,328.2,18.233333333333334,328.2
14748,29,5,1415.75,15.907303370786517,1415.75
14752,44,1,389.64,77.928,389.64
14753,87,1,563.15,18.771666666666665,563.15
14754,45,2,638.05,15.562195121951218,638.05
14755,10,11,5010.28,21.320340425531914,5010.28
14756,15,1,738.96,19.446315789473687,738.96
14757,75,1,420.5,22.13157894736842,420.5
14758,145,4,1484.06,20.90225352112676,1484.06
14759,5,3,1625.97,15.940882352941177,1625.97
14760,297,1,89.2,17.84,89.2
14761,59,2,255.9,23.263636363636365,255.9
14762,264,1,300.52,14.310476190476189,300.52
14764,47,1,278.3,46.38333333333333,278.3
14765,29,3,254.11,6.515641025641026,254.11
14766,8,6,2473.37,18.321259259259257,2473.37
14768,17,2,192.60000000000002,38.52,192.60000000000002
14769,3,8,10416.98,9.808832391713747,10416.98
14770,232,2,876.42,16.854230769230767,876.42
14772,112,1,139.26,15.473333333333333,139.26
14775,58,3,1011.9,16.865,1011.9
14776,51,11,2538.3,21.694871794871798,2538.3
14778,127,2,730.86,20.881714285714285,730.86
14779,281,3,386.15,9.418292682926829,386.15
14780,55,2,447.68,16.58074074074074,447.68
14782,320,1,200.10000000000002,33.35,200.10000000000002
14784,26,2,289.99,19.332666666666668,289.99
14785,10,2,77.4,25.8,77.4
14788,7,2,679.4399999999999,22.648,679.4399999999999
14789,29,1,197.64,32.94,197.64
14790,17,4,745.06,16.19695652173913,745.06
14792,64,1,6.2,3.1,6.2
14793,21,1,228.99,16.356428571428573,228.99
14794,3,7,1319.91,16.498875,1319.91
14795,166,1,131.45000000000002,21.908333333333335,131.45000000000002
14796,1,17,7975.49,7.045485865724381,7975.49
14798,53,3,173.74,14.478333333333333,173.74
14799,51,1,157.7,12.13076923076923,157.7
14800,48,12,4331.79,11.310156657963446,4331.79
14801,61,1,189.34,3.3217543859649123,189.34
14803,162,3,845.55,19.217045454545453,845.55
14804,9,1,353.27,29.439166666666665,353.27
14805,15,4,546.4,11.878260869565217,546.4
14806,75,1,193.39000000000001,17.580909090909092,193.39000000000001
14808,40,8,2718.6,11.768831168831168,2718.6
14810,41,11,2085.33,8.209960629921259,2085.33
14813,370,2,152.88,5.2717241379310344,152.88
14815,37,2,778.5,14.68867924528302,778.5
14816,197,1,271.85,67.9625,271.85
14817,200,2,1110.34,17.624444444444443,1110.34
14818,74,3,657.8,13.704166666666666,657.8
14819,64,2,272.07,20.928461538461537,272.07
14820,21,4,507.29,17.492758620689656,507.29
14821,367,1,48.800000000000004,24.400000000000002,48.800000000000004
14823,180,3,321.43,4.591857142857143,321.43
14824,10,4,1127.71,38.88655172413793,1127.71
14825,4,12,2221.01,18.50841666666667,2221.01
14828,197,3,2139.76,125.86823529411765,2139.76
14829,29,4,697.55,16.60833333333333,697.55
14830,53,1,188.88,4.843076923076923,188.88
14834,18,6,1720.3,25.676119402985073,1720.3
14836,10,3,102.44999999999999,17.075,102.44999999999999
14837,90,4,1649.5,15.273148148148149,1649.5
14840,268,1,62.85,15.7125,62.85
14841,53,6,3295.76,23.88231884057971,3295.76
14842,44,4,2824.69,19.480620689655172,2824.69
14844,64,4,3189.81,24.537,3189.81
14847,149,1,309.4,23.799999999999997,309.4
14849,22,25,7930.54,20.439536082474227,7930.54
14850,312,1,325.75,15.511904761904763,325.75
14851,23,2,511.35,18.2625,511.35
14852,58,6,2836.69,19.83699300699301,2836.69
14853,24,2,475.8,52.86666666666667,475.8
14854,78,7,2740.03,21.746269841269843,2740.03
14855,119,2,645.65,32.2825,645.65
14856,36,3,1290.53,19.854307692307692,1290.53
14857,60,2,1173.12,19.552,1173.12
14859,13,4,1353.74,23.340344827586208,1353.74
14860,19,1,170.32,15.483636363636363,170.32
14861,52,1,125.79,20.965,125.79
14862,26,2,841.1999999999999,17.525,841.1999999999999
14863,29,1,266.76,24.25090909090909,266.76
14865,7,2,52.2,13.05,52.2
14866,11,12,14389.9,145.35252525252525,14389.9
14867,186,3,710.28,19.73,710.28
14868,3,8,2953.59,20.511041666666667,2953.59
14869,9,2,721.45,10.306428571428572,721.45
14870,262,1,327.25,25.173076923076923,327.25
14871,3,4,501.28000000000003,5.390107526881721,501.28000000000003
14873,210,1,519.68,18.56,519.68
14875,108,2,1465.3200000000002,31.17702127659575,1465.3200000000002
14878,13,9,1476.09,12.099098360655738,1476.09
14880,77,3,690.59,15.012826086956522,690.59
14881,20,1,255.4,15.023529411764706,255.4
14882,27,2,589.7,53.60909090909092,589.7
14883,19,6,761.59,14.369622641509434,761.59
14885,132,1,765.3199999999999,51.02133333333333,765.3199999999999
14886,253,1,364.8,20.266666666666666,364.8
14887,79,1,1862.0,310.3333333333333,1862.0
14888,207,1,369.2,18.46,369.2
14889,336,1,135.9,13.59,135.9
14890,254,1,125.65,17.95,125.65
14891,148,2,554.38,16.79939393939394,554.38
14893,10,2,1237.8500000000001,16.956849315068496,1237.8500000000001
14894,85,1,655.75,28.51086956521739,655.75
14895,8,20,11138.710000000001,22.366887550200804,11138.710000000001
14896,205,2,468.77000000000004,10.901627906976746,468.77000000000004
14897,8,4,1366.38,24.84327272727273,1366.38
14898,23,6,1269.31,11.645045871559633,1269.31
14901,11,9,1421.29,14.805104166666666,1421.29
14902,26,1,332.66,16.633000000000003,332.66
14903,21,5,2795.33,7.986657142857142,2795.33
14904,2,2,1025.44,14.86144927536232,1025.44
14905,158,2,616.15,36.24411764705882,616.15
14907,3,7,3501.1,21.21878787878788,3501.1
14908,74,1,277.8,30.866666666666667,277.8
14910,3,4,434.35,14.478333333333333,434.35
14911,1,201,143711.17,25.345885361552032,143711.17
14912,17,2,867.85,32.14259259259259,867.85
14913,36,4,1227.43,14.108390804597702,1227.43
14915,91,2,307.48,25.623333333333335,307.48
14916,71,4,1268.98,16.48025974025974,1268.98
14918,116,2,1610.15,35.781111111111116,1610.15
14920,213,2,977.77,17.153859649122808,977.77
14921,30,2,1316.07,16.872692307692308,1316.07
14923,51,1,749.1,17.025000000000002,749.1
14924,246,1,310.05,31.005000000000003,310.05
14929,32,1,223.88,20.35272727272727,223.88
14930,109,3,2362.96,18.605984251968504,2362.96
14931,5,5,1257.68,30.675121951219513,1257.68
14932,366,1,363.53,21.384117647058822,363.53
14934,82,2,1890.94,21.734942528735633,1890.94
14935,297,1,1784.71,178.471,1784.71
14936,34,8,8137.02,22.35445054945055,8137.02
14937,57,3,1621.88,47.70235294117647,1621.88
14944,30,12,5900.25,34.707352941176474,5900.25
14946,14,1,100.9,33.63333333333333,100.9
14947,72,2,290.82,20.77285714285714,290.82
14948,23,6,1101.97,17.491587301587302,1101.97
14950,19,1,371.2,19.53684210526316,371.2
14951,79,1,311.69,15.5845,311.69
14952,60,11,8099.49,58.69195652173913,8099.49
14953,25,1,285.67,5.2901851851851855,285.67
14954,12,1,294.85,3.8292207792207793,294.85
14957,253,1,58.49,4.8741666666666665,58.49
14958,147,3,483.72999999999996,11.798292682926828,483.72999999999996
14959,64,4,695.42,11.786779661016949,695.42
14960,8,2,221.27,8.195185185185185,221.27
14961,11,9,7044.68,22.579102564102566,7044.68
14962,271,1,126.7,25.34,126.7
14963,10,5,1472.34,7.6684375,1472.34
14964,247,1,206.21,15.862307692307693,206.21
14965,96,2,596.09,7.359135802469136,596.09
14966,15,1,183.02,5.08388888888889,183.02
14967,50,1,463.8,77.3,463.8
14968,30,1,147.59,3.988918918918919,147.59
14970,68,4,1592.06,46.825294117647054,1592.06
14971,35,3,1097.98,7.083741935483871,1097.98
14972,128,1,114.77,6.376111111111111,114.77
14973,107,3,1314.45,41.0765625,1314.45
14974,37,1,89.94,5.290588235294117,89.94
14975,57,1,279.94,25.44909090909091,279.94
14976,57,7,790.86,10.984166666666667,790.86
14978,72,5,1921.3700000000001,8.97836448598131,1921.3700000000001
14981,246,1,102.12,12.765,102.12
14984,19,2,202.37,5.188974358974359,202.37
14985,198,2,292.01,3.5181927710843373,292.01
14987,16,2,326.4,81.6,326.4
14988,212,1,334.54,8.3635,334.54
14995,39,2,231.98000000000002,3.866333333333334,231.98000000000002
14997,46,3,546.1999999999999,21.007692307692306,546.1999999999999
14998,170,2,414.87,5.606351351351352,414.87
15000,48,1,490.52,6.37038961038961,490.52
15002,116,4,1641.76,14.276173913043479,1641.76
15004,147,1,1220.77,7.927077922077922,1220.77
15005,16,28,6295.37,5.661303956834533,6295.37
15006,51,1,480.38,3.639242424242424,480.38
15007,159,1,156.91,13.075833333333334,156.91
15009,12,3,1259.43,6.996833333333334,1259.43
15010,36,1,308.94,15.447,308.94
15012,54,2,405.04,3.3200000000000003,405.04
15014,43,2,257.67,7.808181818181819,257.67
15016,173,1,170.04,8.501999999999999,170.04
15017,34,1,125.58,6.279,125.58
15018,39,3,496.21000000000004,16.006774193548388,496.21000000000004
15019,267,1,252.81,3.8304545454545456,252.81
15021,9,9,1871.77,4.215698198198198,1871.77
15022,12,4,852.39,7.044545454545454,852.39
15023,3,11,6720.41,12.152640144665462,6720.41
15024,10,10,1636.43,10.765986842105264,1636.43
15025,33,1,361.96,5.402388059701492,361.96
15026,80,3,469.0,7.688524590163935,469.0
15027,31,4,1066.1499999999999,30.461428571428566,1066.1499999999999
15028,8,4,627.13,13.065208333333333,627.13
15030,72,2,518.28,74.03999999999999,518.28
15031,4,4,653.19,5.93809090909091,653.19
15032,256,3,4959.1,95.3673076923077,4959.1
15033,5,10,2557.18,5.104151696606786,2557.18
15034,16,8,4274.16,10.959384615384614,4274.16
15035,90,1,252.73000000000002,9.36037037037037,252.73000000000002
15036,72,3,429.56,3.609747899159664,429.56
15038,59,6,685.74,5.48592,685.74
15039,10,47,19766.59,13.38293161814489,19766.59
15041,170,1,179.93,2.7262121212121215,179.93
15042,199,1,135.93,27.186,135.93
15043,31,1,537.0,179.0,537.0
15044,19,17,7634.7300000000005,17.19533783783784,7634.7300000000005
15045,152,2,735.66,61.305,735.66
15046,9,15,5090.42,25.32547263681592,5090.42
15047,270,1,343.62,15.61909090909091,343.62
15048,65,4,381.0,4.053191489361702,381.0
15049,274,1,121.17000000000002,40.39000000000001,121.17000000000002
15050,25,3,1737.69,22.86434210526316,1737.69
15051,23,3,1383.3600000000001,9.741971830985916,1383.3600000000001
15052,319,1,207.73000000000002,7.418928571428572,207.73000000000002
15053,5,3,693.95,10.057246376811595,693.95
15054,12,2,302.1,2.6500000000000004,302.1
15057,275,2,1489.5,59.58,1489.5
15058,25,11,2102.54,7.904285714285714,2102.54
15059,41,9,1337.72,5.644388185654009,1337.72
15060,8,4,294.25,2.5586956521739133,294.25
15061,4,48,54534.14,135.32044665012407,54534.14
15062,71,4,987.86,17.330877192982456,987.86
15063,213,1,370.79999999999995,74.16,370.79999999999995
15065,38,4,3158.13,20.37503225806452,3158.13
15066,53,1,893.59,21.275952380952383,893.59
15067,78,3,1744.76,21.277560975609756,1744.76
15068,46,2,553.36,5.320769230769231,553.36
15069,179,1,1109.53,15.850428571428571,1109.53
15070,373,1,106.2,106.2,106.2
15071,94,2,982.07,37.77192307692308,982.07
15073,10,3,1043.41,19.322407407407407,1043.41
15074,105,1,735.67,17.943170731707315,735.67
15075,78,1,773.03,28.63074074074074,773.03
15076,173,1,880.85,17.976530612244897,880.85
15078,7,32,9743.11,22.14343181818182,9743.11
15079,213,4,895.61,19.055531914893617,895.61
15081,22,5,504.8,15.296969696969697,504.8
15083,257,1,88.2,17.64,88.2
15087,282,1,306.94,20.462666666666667,306.94
15088,21,2,1160.07,20.352105263157895,1160.07
15089,10,6,2420.84,16.69544827586207,2420.84
15090,308,1,381.32,16.57913043478261,381.32
15091,68,1,480.71,16.023666666666667,480.71
15092,215,2,457.81,17.608076923076922,457.81
15093,18,6,4597.02,42.565000000000005,4597.02
15095,104,4,1370.6,29.161702127659574,1370.6
15096,43,1,219.39000000000001,19.944545454545455,219.39000000000001
15097,4,1,248.08,9.923200000000001,248.08
15098,182,3,39916.5,13305.5,39916.5
15099,84,1,410.48,17.84695652173913,410.48
15100,334,3,876.0,292.0,876.0
15101,9,2,317.53,39.69125,317.53
15103,31,2,703.36,20.096,703.36
15104,197,2,993.54,14.828955223880596,993.54
15105,18,7,2298.93,22.76168316831683,2298.93
15106,18,5,1422.52,14.2252,1422.52
15107,311,6,319.5,19.96875,319.5
15108,142,4,1300.25,21.670833333333334,1300.25
15109,246,1,484.95,17.319642857142856,484.95
15110,24,4,996.1,28.46,996.1
15111,29,3,1567.48,18.660476190476192,1567.48
15113,10,3,3509.43,36.179690721649486,3509.43
15114,30,10,2760.56,14.012994923857867,2760.56
15115,18,1,340.11,16.195714285714285,340.11
15116,18,4,1352.75,30.06111111111111,1352.75
15117,15,5,1551.78,19.64278481012658,1551.78
15118,134,1,244.8,244.8,244.8
15119,246,1,266.4,19.02857142857143,266.4
15120,134,1,358.82,17.086666666666666,358.82
15121,50,2,457.72,16.34714285714286,457.72
15122,114,3,1633.78,19.924146341463413,1633.78
15123,7,2,2199.31,20.748207547169812,2199.31
15124,23,2,184.19,12.279333333333334,184.19
15125,25,15,11528.48,90.77543307086614,11528.48
15127,66,1,406.53,25.408125,406.53
15128,60,4,1471.0,14.42156862745098,1471.0
15129,50,11,3447.4,41.04047619047619,3447.4
15130,170,1,330.11,15.005,330.11
15132,18,5,977.9300000000001,18.806346153846157,977.9300000000001
15133,128,3,982.42,33.87655172413793,982.42
15134,15,8,1387.99,19.013561643835615,1387.99
15135,239,1,139.05,15.450000000000001,139.05
15136,3,4,1286.7,18.92205882352941,1286.7
15139,240,2,178.96,13.766153846153847,178.96
15140,52,7,2354.25,29.428125,2354.25
15142,46,1,498.74,19.182307692307692,498.74
15143,226,1,259.45,18.532142857142855,259.45
15144,8,17,6580.44,30.324608294930872,6580.44
15145,4,4,1194.73,17.83179104477612,1194.73
15146,165,2,1327.16,14.584175824175825,1327.16
15147,240,1,623.5,22.267857142857142,623.5
15148,11,1,301.29,15.0645,301.29
15149,134,1,520.8000000000001,22.643478260869568,520.8000000000001
15150,17,10,5291.33,15.517096774193549,5291.33
15152,10,13,4745.69,17.511771217712177,4745.69
15153,31,1,329.25,14.965909090909092,329.25
15154,75,1,254.28,3.581408450704225,254.28
15156,1,3,961.49,17.481636363636365,961.49
15157,4,3,1936.07,15.48856,1936.07
15158,45,1,401.40000000000003,57.34285714285715,401.40000000000003
15159,2,30,18641.010000000002,26.254943661971833,18641.010000000002
15160,357,1,158.16,39.54,158.16
15163,18,2,304.47,10.49896551724138,304.47
15164,69,3,824.58,8.164158415841584,824.58
15165,373,1,487.75,18.064814814814813,487.75
15167,321,1,158.8,4.071794871794872,158.8
15168,26,1,106.56,21.312,106.56
15171,331,1,1289.5,257.9,1289.5
15172,9,5,1624.05,14.764090909090909,1624.05
15174,323,1,135.75,12.340909090909092,135.75
15175,72,1,224.14,9.745217391304347,224.14
15178,260,1,40.5,13.5,40.5
15179,18,5,2206.95,23.73064516129032,2206.95
15180,367,1,87.5,14.583333333333334,87.5
15181,66,3,689.4799999999999,43.092499999999994,689.4799999999999
15182,154,2,622.85,21.477586206896554,622.85
15184,29,2,402.2,6.487096774193549,402.2
15185,70,1,310.62,14.791428571428572,310.62
15186,14,2,411.41,21.653157894736843,411.41
15187,2,16,4777.18,52.49648351648352,4777.18
15189,1,41,16225.39,76.53485849056604,16225.39
15192,120,3,1044.32,20.47686274509804,1044.32
15193,61,1,499.32,26.28,499.32
15194,3,15,7616.53,24.569451612903226,7616.53
15195,3,1,3861.0,3861.0,3861.0
15197,11,3,1079.6100000000001,33.737812500000004,1079.6100000000001
15198,92,2,193.64,19.363999999999997,193.64
15199,59,4,1268.7,97.5923076923077,1268.7
15201,87,5,1236.54,17.92086956521739,1236.54
15203,26,6,1827.8,12.871830985915492,1827.8
15204,357,1,316.58,35.175555555555555,316.58
15205,85,2,653.24,17.655135135135136,653.24
15206,10,4,420.29999999999995,46.699999999999996,420.29999999999995
15208,1,5,870.12,20.717142857142857,870.12
15210,225,1,331.18,16.559,331.18
15211,60,2,894.4100000000001,17.20019230769231,894.4100000000001
15212,241,1,101.8,20.36,101.8
15213,319,2,328.35,13.68125,328.35
15214,2,8,1661.44,15.104000000000001,1661.44
15215,47,3,734.94,20.998285714285714,734.94
15216,88,1,96.6,48.3,96.6
15218,11,11,5756.89,34.680060240963854,5756.89
15219,176,1,305.75,33.97222222222222,305.75
15220,52,6,1778.96,15.204786324786324,1778.96
15221,366,1,403.25,80.65,403.25
15222,319,1,585.0,117.0,585.0
15223,226,2,755.75,37.7875,755.75
15224,358,2,322.08,23.005714285714284,322.08
15225,234,1,409.40000000000003,17.8,409.40000000000003
15226,311,1,154.41,19.30125,154.41
15227,37,5,1219.4,21.024137931034485,1219.4
15228,66,4,3386.71,27.09368,3386.71
15230,239,2,429.6,18.678260869565218,429.6
15232,113,2,612.06,19.743870967741934,612.06
15234,277,1,197.0,14.071428571428571,197.0
15235,218,12,2247.51,15.716853146853149,2247.51
15236,299,1,321.05,21.403333333333332,321.05
15237,2,4,1412.32,14.265858585858584,1412.32
15238,29,3,1071.99,21.4398,1071.99
15239,10,2,780.59,15.930408163265307,780.59
15240,45,5,1706.57,21.879102564102563,1706.57
15241,67,8,1756.44,15.967636363636364,1756.44
15243,74,1,316.68,14.394545454545455,316.68
15244,65,2,631.57,18.57558823529412,631.57
15245,134,3,2515.84,28.267865168539327,2515.84
15246,238,2,514.15,15.58030303030303,514.15
15247,122,1,356.0,59.333333333333336,356.0
15249,32,13,6688.46,19.109885714285713,6688.46
15251,9,11,10484.99,94.45936936936937,10484.99
15252,36,2,740.78,16.83590909090909,740.78
15253,16,5,918.1999999999999,17.32452830188679,918.1999999999999
15254,127,1,300.36,16.686666666666667,300.36
15255,67,1,890.85,18.95425531914894,890.85
15256,149,1,98.45,16.408333333333335,98.45
15257,283,1,317.15,45.30714285714286,317.15
15258,169,2,623.16,18.328235294117647,623.16
15260,100,7,1810.77,23.516493506493507,1810.77
15261,135,1,254.82,13.41157894736842,254.82
15262,324,1,178.95000000000002,17.895000000000003,178.95000000000002
15263,107,1,156.51,13.042499999999999,156.51
15264,64,1,393.74,17.11913043478261,393.74
15265,151,2,1506.1200000000001,18.36731707317073,1506.1200000000001
15266,338,1,119.3,19.883333333333333,119.3
15267,22,5,1717.36,156.12363636363636,1717.36
15269,24,1,408.8,204.4,408.8
15270,16,7,2379.49,58.03634146341463,2379.49
15271,7,15,2493.34,9.444469696969698,2493.34
15272,57,2,721.94,11.45936507936508,721.94
15274,4,2,716.57,15.246170212765959,716.57
15275,38,1,615.14,15.003414634146342,615.14
15276,66,1,128.63,2.6251020408163264,128.63
15277,47,1,255.89999999999998,21.325,255.89999999999998
15279,355,1,290.51,15.29,290.51
15280,172,1,113.12,7.07,113.12
15281,59,9,2332.15,16.778057553956835,2332.15
15286,50,1,240.55,80.18333333333334,240.55
15287,22,2,486.69,24.3345,486.69
15288,43,5,2306.52,26.210454545454546,2306.52
15289,29,3,939.78,16.20310344827586,939.78
15290,5,18,7943.22,38.93735294117647,7943.22
15291,26,15,4668.3,45.32330097087379,4668.3
15292,201,1,178.39,7.432916666666666,178.39
15296,51,6,3672.86,18.932268041237116,3672.86
15297,10,3,641.94,16.46,641.94
15298,2,12,4799.9,24.999479166666664,4799.9
15299,67,7,4507.01,643.8585714285715,4507.01
15300,64,1,496.44,17.73,496.44
15301,51,12,5049.95,20.867561983471074,5049.95
15303,290,1,574.02,18.516774193548386,574.02
15304,61,8,694.4000000000001,30.19130434782609,694.4000000000001
15306,64,3,1174.35,20.247413793103448,1174.35
15307,96,1,205.3,17.108333333333334,205.3
15308,274,1,310.47,16.340526315789475,310.47
15311,1,91,60632.75,25.626690617075234,60632.75
15312,75,4,924.85,19.677659574468084,924.85
15313,110,1,52.0,52.0,52.0
15314,199,1,327.97,13.665416666666667,327.97
15315,64,2,570.5,15.41891891891892,570.5
15316,327,1,165.0,165.0,165.0
15318,4,1,312.62,9.473333333333333,312.62
15319,284,1,204.5,12.78125,204.5
15320,44,1,267.13,7.420277777777778,267.13
15321,71,3,2748.31,28.92957894736842,2748.31
15322,86,1,679.68,16.18285714285714,679.68
15325,104,1,161.74,3.3695833333333334,161.74
15326,334,1,311.71,10.748620689655171,311.71
15327,53,1,208.75,20.875,208.75
15329,39,3,1049.7,18.41578947368421,1049.7
15330,32,2,714.96,54.99692307692308,714.96
15332,366,4,1661.06,47.45885714285714,1661.06
15333,208,1,1028.56,64.285,1028.56
15334,157,3,350.82,3.579795918367347,350.82
15335,54,1,170.22,4.863428571428571,170.22
15339,66,2,574.07,6.675232558139536,574.07
15341,81,1,2020.52,118.85411764705883,2020.52
15342,130,1,406.09,16.920416666666664,406.09
15343,87,1,364.5,17.357142857142858,364.5
15344,1,3,563.94,21.69,563.94
15345,46,1,393.54,19.677,393.54
15346,333,1,252.42000000000002,14.848235294117648,252.42000000000002
15347,366,1,201.60000000000002,40.32000000000001,201.60000000000002
15348,72,1,158.04,17.56,158.04
15349,158,2,463.90999999999997,6.533943661971831,463.90999999999997
15350,373,1,115.65,23.130000000000003,115.65
15351,12,7,1934.66,8.83406392694064,1934.66
15353,255,2,770.12,12.624918032786885,770.12
15355,29,2,277.05,19.789285714285715,277.05
15356,31,10,2718.03,5.446953907815631,2718.03
15358,5,22,8347.2,15.149183303085302,8347.2
15360,40,1,427.93,32.917692307692306,427.93
15361,362,1,418.92,59.84571428571429,418.92
15363,373,1,326.0,20.375,326.0
15364,96,2,913.19,31.489310344827587,913.19
15365,26,7,2314.32,20.301052631578948,2314.32
15366,75,2,602.51,13.69340909090909,602.51
15367,57,4,1877.59,19.764105263157894,1877.59
15368,21,1,446.94000000000005,111.73500000000001,446.94000000000005
15370,41,7,2386.05,25.383510638297874,2386.05
15372,137,1,2007.3999999999999,74.34814814814814,2007.3999999999999
15373,8,12,2415.91,18.302348484848483,2415.91
15374,129,1,168.0,56.0,168.0
15376,40,3,1221.56,10.530689655172413,1221.56
15379,169,7,3703.29,19.089123711340207,3703.29
15380,9,5,1690.2600000000002,46.951666666666675,1690.2600000000002
15381,214,2,596.85,74.60625,596.85
15382,15,6,5955.71,19.7208940397351,5955.71
15384,170,2,642.41,15.668536585365853,642.41
15385,40,1,316.88,26.406666666666666,316.88
15386,186,1,394.14,12.714193548387096,394.14
15388,270,1,140.54,14.053999999999998,140.54
15389,172,1,500.0,500.0,500.0
15392,5,4,1535.53,18.280119047619046,1535.53
15393,16,2,231.86,19.32166666666667,231.86
15394,10,4,2183.54,25.68870588235294,2183.54
15395,326,1,107.45,15.35,107.45
15396,113,1,288.18,20.584285714285716,288.18
15397,290,1,94.0,15.666666666666666,94.0
15398,16,2,1345.53,18.43191780821918,1345.53
15399,1,3,815.77,16.3154,815.77
15400,92,5,716.2,59.68333333333334,716.2
15402,149,2,626.77,14.923095238095238,626.77
15405,189,1,349.1,43.6375,349.1
15406,31,2,510.71000000000004,9.636037735849058,510.71000000000004
15407,34,4,1046.74,7.072567567567567,1046.74
15408,264,1,267.18,7.858235294117647,267.18
15410,84,8,3450.84,28.285573770491805,3450.84
15411,26,4,1348.93,13.764591836734695,1348.93
15412,171,1,190.53,19.053,190.53
15414,10,3,774.9000000000001,19.86923076923077,774.9000000000001
15415,313,1,559.61,11.906595744680851,559.61
15416,65,4,3984.32,20.75166666666667,3984.32
15417,85,1,508.8,18.17142857142857,508.8
15419,25,1,135.86,16.9825,135.86
15421,59,4,950.36,17.93132075471698,950.36
15422,323,2,97.7,16.283333333333335,97.7
15423,38,1,43.5,21.75,43.5
15424,254,2,383.34,22.54941176470588,383.34
15426,19,5,1404.07,5.105709090909091,1404.07
15427,33,3,1430.54,4.899109589041096,1430.54
15428,15,1,93.78,15.63,93.78
15429,27,2,397.35,4.845731707317073,397.35
15432,23,1,171.19,17.119,171.19
15433,214,2,533.3,13.00731707317073,533.3
15434,8,5,1041.48,18.936,1041.48
15435,22,1,149.29,5.147931034482759,149.29
15436,12,3,1067.75,3.6692439862542954,1067.75
15437,262,1,200.16,4.4479999999999995,200.16
15438,131,1,156.57999999999998,6.263199999999999,156.57999999999998
15440,55,3,383.68,6.188387096774194,383.68
15442,249,1,594.0,297.0,594.0
15443,2,7,3213.59,8.638682795698925,3213.59
15444,9,2,1411.21,6.594439252336449,1411.21
15445,264,1,113.5,22.7,113.5
15447,331,1,155.17,17.24111111111111,155.17
15448,313,1,494.64,17.665714285714284,494.64
15449,26,3,974.52,16.242,974.52
15450,30,1,429.84,14.328,429.84
15452,30,3,528.48,9.437142857142858,528.48
15453,2,7,1371.77,4.91673835125448,1371.77
15454,362,1,179.1,7.164,179.1
15456,283,3,434.59000000000003,7.492931034482759,434.59000000000003
15457,262,1,237.07,4.087413793103448,237.07
15458,25,1,161.64,23.09142857142857,161.64
15460,354,1,214.26,3.8260714285714283,214.26
15462,94,3,234.6,21.327272727272728,234.6
15463,29,1,126.14,18.02,126.14
15464,338,1,1044.65,6.739677419354839,1044.65
15465,20,18,7354.62,75.82082474226804,7354.62
15466,85,1,334.53,5.868947368421052,334.53
15467,9,3,524.88,10.093846153846155,524.88
15468,51,2,467.51,19.479583333333334,467.51
15469,50,2,538.55,22.43958333333333,538.55
15471,2,1,454.48,6.225753424657534,454.48
15472,113,1,371.56,4.888947368421053,371.56
15473,14,7,1771.2,161.01818181818183,1771.2
15475,77,1,454.10999999999996,15.658965517241377,454.10999999999996
15478,40,2,1399.92,31.816363636363636,1399.92
15480,116,1,905.5,20.122222222222224,905.5
15482,16,12,10879.76,112.16247422680412,10879.76
15483,161,4,225.26,2.6816666666666666,225.26
15484,1,4,3590.41,19.200053475935828,3590.41
15485,30,3,2564.5,30.17058823529412,2564.5
15488,93,1,91.32000000000001,45.660000000000004,91.32000000000001
15489,23,3,1134.28,22.6856,1134.28
15491,95,6,3100.09,20.130454545454548,3100.09
15492,28,2,659.4599999999999,18.841714285714282,659.4599999999999
15493,33,5,1953.41,6.7592041522491355,1953.41
15494,21,2,1280.58,10.49655737704918,1280.58
15497,18,2,1262.2,84.14666666666668,1262.2
15498,3,27,13316.4,26.00859375,13316.4
15500,8,4,1131.56,16.640588235294118,1131.56
15502,16,12,10384.93,48.75553990610329,10384.93
15503,363,1,141.04,2.1369696969696967,141.04
15504,81,1,52.83,4.063846153846153,52.83
15505,53,5,3610.96,37.22639175257732,3610.96
15506,23,3,972.08,6.03776397515528,972.08
15507,172,1,475.86,10.574666666666667,475.86
15508,189,6,1000.27,10.8725,1000.27
15510,331,1,250.0,250.0,250.0
15511,12,5,900.53,5.699556962025317,900.53
15512,156,2,121.0,17.285714285714285,121.0
15513,33,19,14758.220000000001,47.91629870129871,14758.220000000001
15514,12,11,4023.7200000000003,24.239277108433736,4023.7200000000003
15516,45,3,62.43,4.162,62.43
15517,233,1,267.03,9.889999999999999,267.03
15518,64,8,1921.55,9.150238095238095,1921.55
15520,2,1,343.5,19.083333333333332,343.5
15521,40,8,3000.2,16.217297297297296,3000.2
15522,33,2,397.99,7.106964285714286,397.99
15523,84,1,412.01000000000005,41.20100000000001,412.01000000000005
15524,25,1,440.0,440.0,440.0
15525,2,3,734.37,4.7075000000000005,734.37
15526,33,2,148.44,37.11,148.44
15527,19,8,2428.53,14.990925925925927,2428.53
15528,254,1,229.33,8.820384615384615,229.33
15529,23,11,3962.6,5.985800604229607,3962.6
15530,22,4,1497.31,13.993551401869158,1497.31
15531,8,2,1972.39,9.00634703196347,1972.39
15532,25,4,1564.73,6.23398406374502,1564.73
15533,19,3,807.57,9.729759036144578,807.57
15535,173,4,502.9,6.984722222222222,502.9
15537,163,1,110.92,4.621666666666667,110.92
15539,7,1,538.46,13.133170731707319,538.46
15540,11,1,213.3,14.22,213.3
15541,114,1,85.13000000000001,2.9355172413793107,85.13000000000001
15543,288,1,127.86,4.566428571428571,127.86
15544,9,9,3546.71,13.693861003861004,3546.71
15545,54,2,288.96999999999997,3.612125,288.96999999999997
15547,7,14,4910.6,7.065611510791367,4910.6
15549,77,3,1681.46,14.749649122807018,1681.46
15550,4,4,575.63,9.43655737704918,575.63
15551,37,1,436.06,15.036551724137931,436.06
15552,217,1,90.12,5.301176470588236,90.12
15553,60,1,428.93,7.798727272727273,428.93
15554,278,1,217.2,15.514285714285714,217.2
15555,12,16,4794.86,5.4057046223224345,4794.86
15556,24,1,279.77,9.024838709677418,279.77
15557,29,1,468.91,24.679473684210528,468.91
15561,12,4,800.59,29.651481481481483,800.59
15562,352,1,134.55,134.55,134.55
15563,22,4,1400.44,12.393274336283186,1400.44
15565,50,2,173.16,21.645,173.16
15567,19,1,186.01,26.572857142857142,186.01
15568,3,3,758.29,14.307358490566036,758.29
15569,104,5,1375.71,44.377741935483876,1375.71
15570,7,12,4148.82,13.005705329153605,4148.82
15571,12,4,650.4300000000001,11.411052631578949,650.4300000000001
15572,5,7,2533.42,11.950094339622641,2533.42
15573,32,2,591.1899999999999,6.094742268041236,591.1899999999999
15574,178,4,675.64,4.445,675.64
15576,38,1,921.37,21.427209302325583,921.37
15577,151,3,258.88,6.637948717948718,258.88
15578,162,1,127.1,9.776923076923076,127.1
15579,69,2,327.6,6.825,327.6
15581,121,13,3675.77,25.176506849315068,3675.77
15582,25,3,682.9100000000001,15.52068181818182,682.9100000000001
15584,24,4,720.86,5.908688524590164,720.86
15585,177,1,455.3,14.687096774193549,455.3
15587,50,4,913.6800000000001,101.52000000000001,913.6800000000001
15589,256,3,478.53000000000003,16.501034482758623,478.53000000000003
15592,47,1,388.58,16.190833333333334,388.58
15593,71,1,199.8,39.96,199.8
15594,16,5,1771.78,17.201747572815535,1771.78
15596,101,5,1406.59,18.267402597402597,1406.59
15597,35,1,324.57,14.753181818181817,324.57
15598,53,1,240.68,17.19142857142857,240.68
15599,27,2,761.74,14.648846153846154,761.74
15601,11,14,6776.56,16.52819512195122,6776.56
15602,8,9,1297.8700000000001,28.214565217391307,1297.8700000000001
15603,79,1,48.480000000000004,24.240000000000002,48.480000000000004
15604,52,1,216.39,12.728823529411764,216.39
15605,36,5,1198.23,17.88402985074627,1198.23
15606,61,9,2920.16,37.92415584415584,2920.16
15607,337,1,104.76,8.05846153846154,104.76
15608,28,4,1093.68,18.228,1093.68
15609,184,1,298.48,18.655,298.48
15610,52,1,112.46000000000001,18.743333333333336,112.46000000000001
15611,10,13,1591.45,37.01046511627907,1591.45
15612,36,2,195.15,32.525,195.15
15615,10,23,10399.74,24.585673758865248,10399.74
15618,33,4,776.851,17.263355555555556,776.851
15619,11,1,336.40000000000003,112.13333333333334,336.40000000000003
15620,57,3,1553.18,15.5318,1553.18
15621,4,4,1293.03,80.814375,1293.03
15622,43,9,3709.56,20.051675675675675,3709.56
15623,141,1,301.03,15.843684210526314,301.03
15624,117,4,588.13,17.297941176470587,588.13
15625,104,4,1534.26,23.9728125,1534.26
15626,75,2,675.8,13.791836734693877,675.8
15628,5,9,2870.2400000000002,18.51767741935484,2870.2400000000002
15630,45,2,1186.35,19.772499999999997,1186.35
15632,16,8,3285.31,19.67251497005988,3285.31
15634,17,1,243.55,16.236666666666668,243.55
15636,90,2,724.76,28.9904,724.76
15637,53,1,223.36,14.890666666666668,223.36
15639,134,1,425.32,17.0128,425.32
15640,4,15,12416.11,26.084264705882354,12416.11
15641,105,4,1887.2,15.858823529411765,1887.2
15643,192,3,664.0,20.12121212121212,664.0
15644,166,4,803.54,3.4635344827586207,803.54
15645,19,1,612.01,11.769423076923077,612.01
15646,158,3,447.64000000000004,12.789714285714288,447.64000000000004
15648,204,2,639.5,26.645833333333332,639.5
15649,336,2,816.0,408.0,816.0
15651,37,3,646.3,20.196875,646.3
15652,91,1,337.74,16.082857142857144,337.74
15653,93,2,877.4399999999999,146.23999999999998,877.4399999999999
15654,9,2,922.53,43.93,922.53
15655,243,1,560.67,16.490294117647057,560.67
15656,45,4,748.5,15.925531914893616,748.5
15657,23,1,30.0,30.0,30.0
15658,190,5,1024.1000000000001,21.33541666666667,1024.1000000000001
15659,44,1,306.45,27.85909090909091,306.45
15660,25,9,1600.86,17.787333333333333,1600.86
15661,317,2,309.8,61.96,309.8
15663,106,1,138.14,15.348888888888887,138.14
15664,51,1,386.43,22.731176470588235,386.43
15665,168,2,2222.21,19.323565217391305,2222.21
15667,40,1,301.32,23.178461538461537,301.32
15668,218,1,76.32000000000001,76.32000000000001,76.32000000000001
15669,40,4,684.34,20.737575757575758,684.34
15670,297,1,173.05,14.420833333333334,173.05
15671,19,7,2657.13,34.065769230769234,2657.13
15673,88,4,2726.23,19.755289855072466,2726.23
15674,73,5,2446.6,21.46140350877193,2446.6
15675,81,3,323.69,15.413809523809524,323.69
15676,19,3,3435.76,17.00871287128713,3435.76
15677,49,1,657.23,19.916060606060608,657.23
15678,53,1,352.7,29.391666666666666,352.7
15679,24,4,781.28,7.102545454545455,781.28
15680,9,3,1333.68,17.09846153846154,1333.68
15681,25,5,1426.16,26.90867924528302,1426.16
15683,117,1,193.75,19.375,193.75
15687,9,9,2993.1,18.030722891566263,2993.1
15689,120,2,254.1,28.233333333333334,254.1
15690,4,2,239.76,12.618947368421052,239.76
15691,252,1,136.8,68.4,136.8
15692,28,1,191.04,15.92,191.04
15694,1,14,6479.4,83.06923076923077,6479.4
15695,267,2,409.98,18.635454545454547,409.98
15696,33,8,2711.11,16.137559523809525,2711.11
15699,18,1,309.65,17.202777777777776,309.65
15700,172,2,696.68,8.10093023255814,696.68
15701,2,4,1529.0,6.647826086956521,1529.0
15703,265,1,211.5,42.3,211.5
15704,140,4,2293.62,19.603589743589744,2293.62
15705,201,1,143.1,23.849999999999998,143.1
15706,64,4,1060.56,19.28290909090909,1060.56
15707,35,4,916.98,4.473073170731707,916.98
15708,41,7,3235.25,11.8507326007326,3235.25
15709,284,1,133.25,22.208333333333332,133.25
15712,9,5,1072.3600000000001,20.233207547169815,1072.3600000000001
15713,143,2,356.7,18.773684210526316,356.7
15714,12,2,330.03000000000003,9.706764705882353,330.03000000000003
15716,146,4,1101.1100000000001,9.411196581196583,1101.1100000000001
15717,234,1,150.3,21.47142857142857,150.3
15719,33,13,5030.07,5.402867883995703,5030.07
15720,24,1,598.73,4.677578125,598.73
15721,12,1,471.40000000000003,5.611904761904762,471.40000000000003
15722,36,5,2211.21,33.00313432835821,2211.21
15723,365,1,190.7,5.018421052631578,190.7
15724,201,2,218.25,19.84090909090909,218.25
15725,15,1,415.25,12.9765625,415.25
15727,17,7,5159.06,17.139734219269105,5159.06
15729,213,1,85.0,17.0,85.0
15730,66,3,1120.88,16.01257142857143,1120.88
15732,212,2,294.12,21.00857142857143,294.12
15733,283,1,162.3,16.23,162.3
15734,115,2,1339.45,51.517307692307696,1339.45
15737,15,8,1188.1200000000001,16.734084507042255,1188.1200000000001
15738,19,16,4812.42,27.817456647398846,4812.42
15739,66,1,449.12,56.14,449.12
15740,49,1,154.88,17.20888888888889,154.88
15743,16,4,775.96,9.022790697674418,775.96
15744,78,1,34.8,11.6,34.8
15745,19,4,1094.59,17.654677419354837,1094.59
15746,134,1,196.88,7.031428571428571,196.88
15747,13,3,946.64,10.518222222222223,946.64
15748,40,1,144.36,7.218000000000001,144.36
15749,235,3,44534.3,4453.43,44534.3
15750,3,8,2463.05,8.464089347079039,2463.05
15752,40,7,2626.6,6.485432098765432,2626.6
15753,305,1,79.2,79.2,79.2
15754,51,3,458.57,16.3775,458.57
15755,10,6,2364.25,16.7677304964539,2364.25
15756,61,4,528.01,2.764450261780105,528.01
15757,66,2,714.42,15.876,714.42
15758,25,1,205.25,22.805555555555557,205.25
15759,218,3,253.04,36.14857142857143,253.04
15762,65,2,583.75,15.777027027027026,583.75
15763,32,2,1086.92,17.818360655737706,1086.92
15764,88,6,3279.97,18.222055555555553,3279.97
15766,64,1,315.06,28.64181818181818,315.06
15768,116,3,621.8299999999999,23.03074074074074,621.8299999999999
15769,7,26,56252.72,432.7132307692308,56252.72
15773,6,1,635.6800000000001,63.568000000000005,635.6800000000001
15774,69,1,270.8,10.832,270.8
15775,245,1,104.9,14.985714285714286,104.9
15776,133,1,241.62,13.423333333333334,241.62
15777,241,4,1047.11,49.862380952380946,1047.11
15780,184,3,475.28000000000003,16.38896551724138,475.28000000000003
15781,25,3,345.46,17.273,345.46
15782,10,3,2614.7400000000002,60.80790697674419,2614.7400000000002
15783,11,1,246.3,17.592857142857145,246.3
15785,33,5,2328.9700000000003,28.059879518072293,2328.9700000000003
15786,46,3,4919.0,18.492481203007518,4919.0
15787,26,3,933.26,4.6663,933.26
15789,358,1,351.3,14.052,351.3
15790,10,1,218.75,6.4338235294117645,218.75
15791,44,2,1612.69,21.502533333333336,1612.69
15793,15,3,965.61,80.4675,965.61
15795,150,1,610.01,14.524047619047618,610.01
15796,1,8,2708.61,20.519772727272727,2708.61
15797,113,4,2207.4,275.925,2207.4
15799,76,3,884.14,9.021836734693878,884.14
15800,107,2,696.89,5.956324786324786,696.89
15801,46,3,1063.95,16.62421875,1063.95
15802,143,1,451.42,451.42,451.42
15803,51,1,415.82000000000005,51.977500000000006,415.82000000000005
15804,1,13,4206.39,16.05492366412214,4206.39
15805,23,17,5488.18,18.355117056856187,5488.18
15806,46,3,784.58,25.309032258064516,784.58
15807,50,3,903.9,18.83125,903.9
15808,306,4,3651.27,18.72446153846154,3651.27
15809,36,5,515.77,14.736285714285714,515.77
15810,79,4,1391.98,15.640224719101123,1391.98
15811,22,6,2218.62,16.681353383458646,2218.62
15812,107,5,1801.14,43.930243902439024,1801.14
15813,208,2,1303.9099999999999,32.59775,1303.9099999999999
15814,17,4,1945.33,27.018472222222222,1945.33
15815,64,5,2100.6,42.86938775510204,2100.6
15819,49,4,1905.45,15.491463414634147,1905.45
15820,320,1,206.98,12.175294117647057,206.98
15821,44,2,570.96,9.209032258064516,570.96
15822,3,2,885.47,26.832424242424242,885.47
15823,372,1,15.0,15.0,15.0
15825,172,1,532.94,26.647000000000002,532.94
15826,56,3,1654.31,24.328088235294118,1654.31
15827,73,14,1836.0900000000001,15.966000000000001,1836.0900000000001
15829,99,2,636.14,12.473333333333333,636.14
15830,38,1,576.0,14.76923076923077,576.0
15831,58,3,794.64,12.04,794.64
15832,254,1,836.79,15.49611111111111,836.79
15834,70,4,2225.15,8.271933085501859,2225.15
15835,44,4,954.09,19.0818,954.09
15836,50,1,137.37,13.737,137.37
15837,65,1,391.98,16.3325,391.98
15838,11,19,33643.08,201.45556886227547,33643.08
15839,33,3,1048.49,16.911129032258064,1048.49
15840,59,2,355.56,13.168888888888889,355.56
15841,73,4,1224.06,26.043829787234042,1224.06
15843,304,1,118.95000000000002,14.868750000000002,118.95000000000002
15844,46,1,130.73999999999998,11.885454545454543,130.73999999999998
15845,18,8,3711.77,26.896884057971015,3711.77
15847,38,2,389.27,17.694090909090907,389.27
15850,19,2,234.88,2.525591397849462,234.88
15852,187,2,160.71,7.305000000000001,160.71
15853,52,1,110.8,3.6933333333333334,110.8
15854,4,12,2969.12,21.51536231884058,2969.12
15855,137,5,712.24,8.903,712.24
15856,4,27,16143.64,25.706433121019106,16143.64
15857,19,1,297.0,21.214285714285715,297.0
15858,16,5,1427.57,7.59345744680851,1427.57
15860,41,8,965.16,6.943597122302158,965.16
15861,12,8,3146.92,5.82762962962963,3146.92
15862,8,4,832.88,5.665850340136054,832.88
15863,26,2,68.84,3.8244444444444445,68.84
15864,22,6,1936.3200000000002,96.816,1936.3200000000002
15865,41,3,895.13,22.37825,895.13
15866,101,1,211.89,4.927674418604651,211.89
15867,5,15,3810.14,8.300958605664487,3810.14
15869,277,2,149.64,9.975999999999999,149.64
15870,33,1,351.44,4.749189189189189,351.44
15872,15,2,316.25,2.928240740740741,316.25
15874,64,7,4405.88,36.71566666666667,4405.88
15877,2,2,490.33,3.8915079365079364,490.33
15880,369,1,329.03000000000003,3.4273958333333336,329.03000000000003
15881,312,5,501.39000000000004,17.289310344827587,501.39000000000004
15882,199,4,516.36,22.450434782608696,516.36
15883,2,2,396.48,8.091428571428573,396.48
15885,93,3,379.35,21.075000000000003,379.35
15886,60,1,181.09,15.090833333333334,181.09
15888,81,1,168.31,14.025833333333333,168.31
15889,157,2,420.07,4.942,420.07
15891,227,1,511.68,8.528,511.68
15894,253,2,258.25,6.97972972972973,258.25
15895,150,1,179.17,16.288181818181815,179.17
15897,194,2,208.59,9.481363636363637,208.59
15898,1,5,1383.83,16.474166666666665,1383.83
15899,369,1,56.25,14.0625,56.25
15900,24,1,337.28,7.176170212765957,337.28
15901,17,3,351.73,3.168738738738739,351.73
15903,10,7,5126.76,69.28054054054054,5126.76
15904,8,1,164.68,5.489333333333334,164.68
15906,20,7,1567.69,10.451266666666667,1567.69
15907,4,3,882.72,3.905840707964602,882.72
15909,174,1,191.94,27.419999999999998,191.94
15910,1,8,1228.88,4.6198496240601505,1228.88
15912,178,2,264.62,13.927368421052632,264.62
15916,16,8,1502.8600000000001,9.95271523178808,1502.8600000000001
15917,248,1,123.1,10.258333333333333,123.1
15918,191,2,334.23,8.35575,334.23
15919,20,2,525.69,4.308934426229508,525.69
15920,154,4,167.5,2.7916666666666665,167.5
15921,173,1,323.03000000000003,13.459583333333335,323.03000000000003
15922,373,1,369.5,33.59090909090909,369.5
15923,373,1,127.08,6.051428571428572,127.08
15925,194,1,207.15,17.2625,207.15
15930,67,1,426.63,20.315714285714286,426.63
15932,4,8,2495.87,21.703217391304346,2495.87
15933,21,3,1107.46,14.965675675675676,1107.46
15935,239,2,416.86,34.73833333333334,416.86
15937,64,1,145.35,20.764285714285712,145.35
15938,112,5,404.58,22.476666666666667,404.58
15939,90,15,6115.01,80.46065789473684,6115.01
15940,311,1,35.8,35.8,35.8
15942,134,1,337.44,24.102857142857143,337.44
15944,277,1,325.1,54.18333333333334,325.1
15945,365,1,181.0,90.5,181.0
15947,83,1,1708.24,58.9048275862069,1708.24
15948,8,2,955.24,15.920666666666667,955.24
15949,17,2,364.72,19.19578947368421,364.72
15950,32,4,1744.71,17.986701030927836,1744.71
15951,9,2,708.22,17.273658536585366,708.22
15952,34,4,781.91,9.30845238095238,781.91
15953,15,8,1657.28,17.085360824742267,1657.28
15955,24,14,4416.26,24.13256830601093,4416.26
15957,32,1,428.89,10.211666666666666,428.89
15958,74,1,104.35,14.907142857142857,104.35
15963,20,2,470.76,16.812857142857144,470.76
15965,17,4,808.87,7.287117117117117,808.87
15967,23,2,397.68,4.971,397.68
15969,3,3,666.1,33.305,666.1
15970,304,1,314.1,28.55454545454546,314.1
15971,18,12,4199.85,119.9957142857143,4199.85
15973,367,1,307.82000000000005,76.95500000000001,307.82000000000005
15974,39,7,3442.15,19.557670454545455,3442.15
15975,84,1,371.01,15.45875,371.01
15976,165,2,427.64,4.454583333333333,427.64
15977,17,2,1054.73,16.226615384615386,1054.73
15978,77,1,1098.78,22.42408163265306,1098.78
15980,89,3,2398.86,55.78744186046512,2398.86
15981,25,8,3408.48,35.13896907216495,3408.48
15983,22,4,1465.12,13.081428571428571,1465.12
15984,3,10,2780.63,10.777635658914729,2780.63
15985,123,2,1142.42,30.876216216216218,1142.42
15986,30,1,168.12,12.008571428571429,168.12
15987,12,7,1432.77,11.193515625,1432.77
15988,19,1,156.78,6.03,156.78
15990,44,2,792.11,15.232884615384616,792.11
15992,4,1,41.989999999999995,13.996666666666664,41.989999999999995
15993,9,7,2777.67,5.115414364640884,2777.67
15994,55,1,414.27,12.9459375,414.27
15996,88,6,1032.58,8.130551181102362,1032.58
15998,37,5,3080.22,6.111547619047618,3080.22
16000,3,3,12393.7,1377.0777777777778,12393.7
16003,30,5,2735.37,26.556990291262135,2735.37
16005,12,4,578.71,2.8791542288557217,578.71
16006,211,1,101.4,12.675,101.4
16007,48,4,1693.81,4.445695538057743,1693.81
16008,24,3,478.78,14.508484848484848,478.78
16009,22,4,972.11,11.855,972.11
16010,246,3,392.4,4.9670886075949365,392.4
16011,8,16,3352.96,15.966476190476191,3352.96
16012,35,3,1415.29,15.05627659574468,1415.29
16013,4,47,37130.6,267.126618705036,37130.6
16014,38,3,646.83,4.687173913043479,646.83
16015,4,3,704.55,3.892541436464088,704.55
16016,3,8,1465.51,6.542455357142857,1465.51
16017,47,1,211.88,6.62125,211.88
16018,39,2,408.90000000000003,14.60357142857143,408.90000000000003
16019,47,9,3786.2400000000002,23.664,3786.2400000000002
16020,17,3,851.01,18.500217391304346,851.01
16022,260,1,602.63,8.48774647887324,602.63
16023,46,3,719.81,7.126831683168317,719.81
16024,12,1,251.03,3.9846031746031745,251.03
16025,30,1,439.65999999999997,15.702142857142857,439.65999999999997
16026,43,1,236.09,7.3778125,236.09
16027,92,6,934.62,58.41375,934.62
16029,39,63,80850.84,335.4806639004149,80850.84
16030,310,1,331.24,11.422068965517242,331.24
16031,92,2,547.9,5.590816326530612,547.9
16033,6,20,8778.82,7.782641843971631,8778.82
16034,196,3,437.7,19.895454545454545,437.7
16036,87,2,758.92,13.798545454545454,758.92
16037,270,3,855.02,21.923589743589744,855.02
16038,8,3,471.78000000000003,18.145384615384618,471.78000000000003
16040,65,3,1313.55,20.20846153846154,1313.55
16041,31,3,3166.4,527.7333333333333,3166.4
16042,22,5,1177.47,16.821,1177.47
16043,38,4,773.99,19.845897435897434,773.99
16045,120,4,1340.7,16.15301204819277,1340.7
16048,373,2,256.44,32.055,256.44
16049,40,3,1074.81,3.5946822742474915,1074.81
16050,174,1,137.9,13.790000000000001,137.9
16052,54,1,362.06,10.648823529411764,362.06
16053,33,2,1511.95,17.999404761904763,1511.95
16054,145,1,783.9,11.198571428571428,783.9
16055,221,1,134.8,16.85,134.8
16056,45,1,650.75,9.859848484848484,650.75
16057,16,7,2263.12,18.703471074380165,2263.12
16059,66,6,1453.16,8.163820224719101,1453.16
16062,10,4,1153.62,18.0253125,1153.62
16063,260,1,335.32,14.57913043478261,335.32
16065,365,1,367.14,5.02931506849315,367.14
16066,17,5,1521.04,15.059801980198019,1521.04
16070,22,2,852.15,25.82272727272727,852.15
16071,45,1,326.24,15.535238095238096,326.24
16072,288,1,584.3199999999999,25.405217391304344,584.3199999999999
16073,297,1,122.39999999999999,122.39999999999999,122.39999999999999
16076,3,10,2234.73,17.323488372093024,2234.73
16078,284,1,79.2,79.2,79.2
16079,17,3,1352.0,64.38095238095238,1352.0
16080,82,2,217.16,21.716,217.16
16081,56,5,2799.42,12.553452914798207,2799.42
16083,101,2,1317.62,42.50387096774193,1317.62
16084,299,1,436.18,11.47842105263158,436.18
16085,23,5,981.51,5.877305389221557,981.51
16086,59,5,1121.39,28.753589743589746,1121.39
16091,155,2,315.06,17.503333333333334,315.06
16092,115,3,817.86,16.036470588235293,817.86
16093,107,1,17.0,17.0,17.0
16094,12,4,1078.23,17.114761904761906,1078.23
16096,264,1,320.62,26.718333333333334,320.62
16097,240,1,185.04999999999998,18.505,185.04999999999998
16098,88,7,2005.63,29.934776119402986,2005.63
16099,50,3,731.9,18.766666666666666,731.9
16101,71,1,1290.7,16.982894736842105,1290.7
16102,42,3,1842.14,32.31824561403509,1842.14
16103,7,6,1429.64,29.784166666666668,1429.64
16104,62,1,298.21,10.650357142857143,298.21
16105,249,1,336.96,25.919999999999998,336.96
16106,66,1,108.38,18.063333333333333,108.38
16107,18,7,3204.1600000000003,103.36000000000001,3204.1600000000003
16108,85,1,842.5,17.552083333333332,842.5
16109,219,2,611.88,33.99333333333333,611.88
16110,45,3,1320.95,3.8624269005847953,1320.95
16112,143,4,195.73999999999998,12.233749999999999,195.73999999999998
16113,183,1,161.38,5.379333333333333,161.38
16114,171,1,135.75000000000003,16.968750000000004,135.75000000000003
16115,10,8,1660.8799999999999,5.952974910394265,1660.8799999999999
16116,212,1,612.78,18.02294117647059,612.78
16117,190,1,232.21,7.740333333333334,232.21
16119,8,2,423.36,26.46,423.36
16120,59,4,1309.14,43.638000000000005,1309.14
16121,57,2,854.66,4.189509803921569,854.66
16122,73,4,684.4200000000001,18.01105263157895,684.4200000000001
16123,52,1,307.78,19.23625,307.78
16124,317,1,249.0,22.636363636363637,249.0
16125,367,1,289.35,22.25769230769231,289.35
16126,29,4,6287.77,53.741623931623934,6287.77
16127,39,1,656.25,16.40625,656.25
16128,18,5,1880.22,21.126067415730336,1880.22
16131,52,6,3506.54,44.95564102564102,3506.54
16133,4,33,14589.04,43.16284023668639,14589.04
16134,22,2,618.09,17.659714285714287,618.09
16135,263,1,517.55,24.645238095238092,517.55
16136,60,3,709.38,19.172432432432434,709.38
16139,19,3,635.41,20.497096774193547,635.41
16140,66,2,725.18,20.71942857142857,725.18
16141,88,1,620.4,20.68,620.4
16142,250,1,535.34,14.46864864864865,535.34
16143,3,6,2424.94,20.725982905982907,2424.94
16144,247,1,175.2,175.2,175.2
16145,9,11,3799.4900000000002,16.96200892857143,3799.4900000000002
16146,157,3,734.13,25.314827586206896,734.13
16147,134,1,375.0,17.045454545454547,375.0
16148,296,1,76.32000000000001,76.32000000000001,76.32000000000001
16149,5,2,280.52,15.584444444444443,280.52
16150,43,5,2053.02,17.547179487179488,2053.02
16152,269,1,1829.04,63.070344827586204,1829.04
16153,50,5,1824.23,20.496966292134832,1824.23
16156,9,9,3092.04,24.1565625,3092.04
16157,16,3,656.69,36.482777777777784,656.69
16159,282,1,348.2,24.87142857142857,348.2
16160,65,2,1025.44,51.272000000000006,1025.44
16161,2,19,5533.67,11.748768577494692,5533.67
16162,252,1,37.4,18.7,37.4
16163,232,2,856.6,142.76666666666668,856.6
16164,17,3,822.48,24.19058823529412,822.48
16168,11,27,3787.6,38.648979591836735,3787.6
16169,8,4,1822.97,21.44670588235294,1822.97
16170,51,6,1885.05,15.0804,1885.05
16171,59,1,73.2,24.400000000000002,73.2
16172,95,5,1140.21,16.524782608695652,1140.21
16173,16,6,1418.32,16.884761904761906,1418.32
16174,126,3,1009.5500000000001,43.89347826086957,1009.5500000000001
16175,94,4,1037.59,17.889482758620687,1037.59
16177,50,1,331.95,22.13,331.95
16178,138,1,197.9,24.7375,197.9
16179,61,1,215.83,19.62090909090909,215.83
16180,100,8,10254.18,63.29740740740741,10254.18
16181,73,1,305.54,27.776363636363637,305.54
16182,72,4,6617.65,236.34464285714284,6617.65
16183,67,1,338.71000000000004,22.58066666666667,338.71000000000004
16184,64,6,1158.79,25.750888888888888,1158.79
16185,17,2,529.41,17.07774193548387,529.41
16186,23,12,4006.94,18.38045871559633,4006.94
16187,32,15,6911.4400000000005,23.428610169491527,6911.4400000000005
16188,45,4,981.86,14.654626865671641,981.86
16189,16,2,215.48,19.58909090909091,215.48
16190,40,1,215.08,35.84666666666667,215.08
16191,3,13,5180.52,38.66059701492538,5180.52
16193,237,1,314.45,16.55,314.45
16198,75,1,400.68100000000004,26.71206666666667,400.68100000000004
16200,4,2,1068.8700000000001,6.21436046511628,1068.8700000000001
16201,3,4,1863.47,16.78801801801802,1863.47
16202,361,1,365.27,20.292777777777776,365.27
16203,59,4,592.9,16.939999999999998,592.9
16204,23,1,384.18,7.6836,384.18
16205,31,4,757.63,7.810618556701031,757.63
16206,55,4,537.0600000000001,8.524761904761906,537.0600000000001
16207,25,1,394.38,20.756842105263157,394.38
16208,45,2,664.26,10.064545454545454,664.26
16209,89,5,2262.62,49.18739130434783,2262.62
16210,2,18,21086.3,171.43333333333334,21086.3
16211,89,1,547.02,23.783478260869565,547.02
16212,19,2,690.34,16.837560975609758,690.34
16213,79,1,159.0,26.5,159.0
16214,171,3,1062.75,24.15340909090909,1062.75
16215,81,1,242.35,17.310714285714287,242.35
16216,267,1,914.9300000000001,24.72783783783784,914.9300000000001
16217,235,2,304.25,20.283333333333335,304.25
16218,30,7,3084.68,36.72238095238095,3084.68
16221,37,3,860.86,9.061684210526316,860.86
16222,318,1,773.5500000000001,6.340573770491804,773.5500000000001
16224,57,4,1295.3,13.492708333333333,1295.3
16225,45,5,1096.32,8.181492537313432,1096.32
16226,203,3,255.12,31.89,255.12
16227,225,1,314.22,52.370000000000005,314.22
16229,87,2,1010.6,21.50212765957447,1010.6
16230,190,2,542.03,15.486571428571429,542.03
16232,44,4,990.88,26.78054054054054,990.88
16233,71,3,536.6800000000001,24.394545454545458,536.6800000000001
16235,41,5,867.31,18.854565217391304,867.31
16236,78,1,432.2,21.61,432.2
16239,57,2,414.2,21.8,414.2
16240,24,2,3718.8,27.546666666666667,3718.8
16241,10,13,2590.31,3.9546717557251907,2590.31
16242,8,7,3579.86,12.259794520547945,3579.86
16243,34,2,409.1,8.02156862745098,409.1
16244,212,2,1522.75,16.733516483516482,1522.75
16245,24,3,1413.66,15.707333333333334,1413.66
16247,170,1,114.56,7.16,114.56
16248,62,1,152.94,21.84857142857143,152.94
16249,53,5,1800.07,26.08797101449275,1800.07
16250,261,2,389.44,16.226666666666667,389.44
16253,67,2,3683.86,29.95008130081301,3683.86
16255,17,8,2619.91,9.70337037037037,2619.91
16256,267,1,752.4300000000001,57.87923076923077,752.4300000000001
16257,177,1,46.95,23.475,46.95
16258,45,5,5203.51,38.54451851851852,5203.51
16260,51,1,1035.45,57.525000000000006,1035.45
16261,17,4,728.54,6.122184873949579,728.54
16265,9,9,5447.0,21.112403100775193,5447.0
16266,74,7,861.89,14.129344262295081,861.89
16268,71,2,667.65,14.836666666666666,667.65
16270,353,1,1141.24,21.134074074074075,1141.24
16271,3,5,1404.64,10.804923076923078,1404.64
16272,117,1,411.7,16.468,411.7
16274,373,1,351.75,5.411538461538462,351.75
16275,197,1,559.87,16.965757575757575,559.87
16276,177,1,810.6000000000001,135.10000000000002,810.6000000000001
16278,100,1,566.38,24.625217391304346,566.38
16279,21,3,1502.78,14.177169811320754,1502.78
16281,72,1,2062.06,121.29764705882353,2062.06
16282,340,1,168.3,15.3,168.3
16283,6,5,1570.81,9.462710843373493,1570.81
16284,31,2,812.68,7.89009708737864,812.68
16287,170,1,142.5,17.8125,142.5
16292,122,1,302.25,17.779411764705884,302.25
16293,22,10,2248.9900000000002,19.059237288135595,2248.9900000000002
16295,10,4,1328.55,16.817088607594936,1328.55
16297,269,1,301.9,15.094999999999999,301.9
16298,23,3,598.2,22.15555555555556,598.2
16302,127,1,233.22,21.201818181818183,233.22
16303,26,3,5360.63,33.09030864197531,5360.63
16305,139,1,361.21999999999997,16.419090909090908,361.21999999999997
16306,214,6,632.27,15.42121951219512,632.27
16308,38,4,2560.0,640.0,2560.0
16309,106,2,706.57,16.823095238095238,706.57
16311,18,2,616.26,16.655675675675674,616.26
16313,3,2,274.15000000000003,17.134375000000002,274.15000000000003
16315,331,1,226.37,16.169285714285714,226.37
16316,64,8,2938.91,19.46298013245033,2938.91
16317,120,3,1341.65,19.444202898550724,1341.65
16318,35,1,328.15,17.271052631578947,328.15
16319,218,1,404.40000000000003,134.8,404.40000000000003
16320,172,2,1038.46,18.543928571428573,1038.46
16321,72,5,373.65000000000003,31.137500000000003,373.65000000000003
16322,1,2,326.75,8.83108108108108,326.75
16323,196,1,207.50000000000003,207.50000000000003,207.50000000000003
16324,128,3,408.59000000000003,3.6809909909909915,408.59000000000003
16325,47,3,594.24,33.013333333333335,594.24
16326,6,14,3039.2200000000003,10.130733333333334,3039.2200000000003
16327,14,6,3820.27,12.051324921135647,3820.27
16330,18,3,251.91,6.4592307692307696,251.91
16332,28,7,1582.8,10.482119205298012,1582.8
16333,8,22,26626.8,591.7066666666667,26626.8
16337,37,1,151.05,15.105,151.05
16338,157,1,214.79999999999998,19.527272727272727,214.79999999999998
16339,284,1,94.05,5.225,94.05
16340,107,1,534.31,3.789432624113475,534.31
16341,25,4,1971.87,25.6087012987013,1971.87
16342,75,4,322.41,21.494000000000003,322.41
16343,16,2,328.58,7.641395348837209,328.58
16344,158,1,101.10000000000001,50.550000000000004,101.10000000000001
16345,44,1,565.46,15.282702702702704,565.46
16347,11,2,847.45,9.97,847.45
16348,32,7,1415.65,6.376801801801802,1415.65
16349,291,1,53.5,5.944444444444445,53.5
16350,21,4,1116.47,19.58719298245614,1116.47
16351,333,1,153.9,19.2375,153.9
16352,18,2,494.44,17.658571428571427,494.44
16353,4,23,6675.71,71.0181914893617,6675.71
16354,63,2,395.8,10.148717948717948,395.8
16356,198,3,211.77,6.831290322580646,211.77
16357,33,3,658.88,19.378823529411765,658.88
16358,1,4,2027.5,18.60091743119266,2027.5
16359,7,9,1750.92,26.52909090909091,1750.92
16360,5,6,3450.41,5.425172955974842,3450.41
16361,10,4,891.21,8.569326923076924,891.21
16362,32,5,709.99,9.220649350649351,709.99
16363,53,1,109.36000000000001,21.872000000000003,109.36000000000001
16364,12,2,705.79,13.572884615384615,705.79
16365,18,9,1540.42,30.2043137254902,1540.42
16366,19,1,327.3,18.183333333333334,327.3
16367,37,2,800.67,6.304488188976378,800.67
16368,2,2,479.91,6.955217391304348,479.91
16369,18,3,1545.41,13.20863247863248,1545.41
16370,82,4,1301.91,5.890995475113122,1301.91
16372,33,2,355.73,3.866630434782609,355.73
16374,66,2,466.73,4.281926605504587,466.73
16376,9,2,974.96,7.991475409836066,974.96
16377,267,1,676.2,135.24,676.2
16378,247,3,362.95,15.780434782608696,362.95
16379,4,4,2157.4,19.975925925925928,2157.4
16380,61,1,1743.1499999999999,56.23064516129032,1743.1499999999999
16383,75,2,643.76,6.568979591836735,643.76
16384,90,2,584.5,17.71212121212121,584.5
16385,60,3,554.86,9.734385964912281,554.86
16386,29,2,302.57,3.735432098765432,302.57
16387,323,1,94.36,23.59,94.36
16389,53,4,1382.07,40.64911764705882,1382.07
16392,270,1,217.89,5.067209302325581,217.89
16393,2,13,3040.96,9.299571865443426,3040.96
16394,57,5,1555.34,18.73903614457831,1555.34
16395,61,5,1482.06,7.194466019417476,1482.06
16398,154,2,1705.8,20.802439024390242,1705.8
16399,19,2,408.02,5.666944444444444,408.02
16400,95,1,303.93,10.480344827586206,303.93
16401,1,12,4098.32,22.033978494623653,4098.32
16402,265,2,293.45,5.148245614035088,293.45
16403,312,1,177.5,17.75,177.5
16404,70,1,443.05,19.26304347826087,443.05
16405,302,2,167.25,33.45,167.25
16406,19,1,154.35,2.661206896551724,154.35
16407,13,10,2079.68,12.379047619047618,2079.68
16409,36,5,2022.98,8.757489177489177,2022.98
16411,19,2,211.7,4.8113636363636365,211.7
16412,54,1,135.99,4.533,135.99
16413,57,1,262.2,8.458064516129031,262.2
16414,22,2,126.25,18.035714285714285,126.25
16415,44,1,200.27,4.2610638297872345,200.27
16416,27,3,1051.4,14.808450704225354,1051.4
16418,45,3,631.12,6.643368421052632,631.12
16419,113,6,958.71,19.1742,958.71
16422,17,51,34684.4,93.99566395663958,34684.4
16423,25,1,346.12,19.22888888888889,346.12
16424,191,1,133.56,26.712,133.56
16425,302,1,302.7,14.414285714285715,302.7
16426,2,10,1863.76,5.279773371104816,1863.76
16427,263,2,241.06,26.784444444444446,241.06
16429,106,1,284.55,142.275,284.55
16430,57,1,300.85,50.14166666666667,300.85
16431,213,3,623.28,8.201052631578946,623.28
16432,64,1,287.4,35.925,287.4
16433,28,1,184.26,10.838823529411764,184.26
16434,29,7,1511.8,14.128971962616822,1511.8
16438,6,5,798.35,6.04810606060606,798.35
16440,8,5,3640.67,12.91017730496454,3640.67
16441,67,2,381.2,15.883333333333333,381.2
16442,2,3,609.3,3.563157894736842,609.3
16444,46,4,654.67,7.793690476190475,654.67
16445,34,1,230.51,3.658888888888889,230.51
16446,1,2,168472.5,56157.5,168472.5
16447,136,1,255.91,7.526764705882353,255.91
16448,198,1,182.99,9.631052631578948,182.99
16449,198,2,707.69,17.69225,707.69
16450,150,1,311.92,28.35636363636364,311.92
16451,88,1,266.97,19.069285714285716,266.97
16454,45,2,6.9,3.45,6.9
16455,64,7,1841.18,18.59777777777778,1841.18
16456,99,5,2158.18,19.61981818181818,2158.18
16457,218,1,208.36,23.151111111111113,208.36
16458,3,18,3482.7400000000002,17.241287128712873,3482.7400000000002
16460,28,3,811.23,6.145681818181818,811.23
16461,178,1,142.92,4.46625,142.92
16462,74,3,136.0,45.333333333333336,136.0
16463,21,4,1422.4,17.346341463414635,1422.4
16464,20,3,1298.66,5.646347826086957,1298.66
16466,34,7,1595.96,10.931232876712329,1595.96
16468,74,1,74.9,37.45,74.9
16469,24,4,625.42,3.6574269005847952,625.42
16470,52,4,752.77,4.590060975609756,752.77
16471,275,1,223.95000000000002,17.22692307692308,223.95000000000002
16473,165,3,316.11,17.561666666666667,316.11
16474,7,7,1810.65,5.372848664688427,1810.65
16475,88,4,544.3,19.439285714285713,544.3
16477,64,7,2494.46,17.085342465753424,2494.46
16478,25,3,331.0,19.470588235294116,331.0
16479,10,2,300.83,8.595142857142857,300.83
16480,76,1,769.29,14.514905660377357,769.29
16482,16,1,220.62,12.256666666666668,220.62
16483,192,1,139.35,7.334210526315789,139.35
16484,174,2,404.3,16.172,404.3
16485,77,1,363.65,8.658333333333333,363.65
16488,33,3,498.8,17.2,498.8
16491,47,1,731.5,18.756410256410255,731.5
16493,80,4,1351.63,24.13625,1351.63
16494,297,1,826.53,16.5306,826.53
16495,3,3,648.26,7.366590909090909,648.26
16496,9,3,1599.52,16.837052631578945,1599.52
16497,50,6,2965.69,21.80654411764706,2965.69
16498,161,2,100.97,6.731333333333334,100.97
16499,360,2,365.45,19.23421052631579,365.45
16500,5,6,400.86,36.441818181818185,400.86
16503,107,4,1431.93,17.046785714285715,1431.93
16504,25,1,465.88,5.613012048192771,465.88
16505,32,1,777.6,194.4,777.6
16506,20,2,90.30000000000001,30.100000000000005,90.30000000000001
16509,297,1,363.7,27.976923076923075,363.7
16510,372,1,248.1,19.084615384615383,248.1
16511,22,3,918.33,5.7756603773584905,918.33
16513,5,4,874.59,24.988285714285716,874.59
16515,52,5,1624.14,14.631891891891893,1624.14
16516,30,1,101.69999999999999,16.95,101.69999999999999
16517,277,1,162.7,9.570588235294117,162.7
16518,61,2,484.32,12.108,484.32
16519,25,2,215.07999999999998,16.544615384615383,215.07999999999998
16520,186,3,1046.57,6.708782051282051,1046.57
16523,2,21,9418.470000000001,32.477482758620695,9418.470000000001
16525,2,26,13027.45,71.18825136612023,13027.45
16526,172,1,290.36,19.357333333333333,290.36
16527,81,1,228.06,16.29,228.06
16528,4,1,244.41,14.377058823529412,244.41
16529,190,1,455.25,15.175,455.25
16531,22,7,1244.59,16.163506493506492,1244.59
16532,18,3,6748.8,1687.2,6748.8
16533,19,3,1082.81,6.1523295454545455,1082.81
16535,5,1,593.75,19.153225806451612,593.75
16536,110,1,548.12,10.15037037037037,548.12
16539,3,4,1388.81,30.862444444444442,1388.81
16542,54,1,119.62,23.924,119.62
16545,165,1,339.3,113.10000000000001,339.3
16546,291,2,787.15,31.486,787.15
16549,10,10,4034.9,4.362054054054054,4034.9
16550,109,5,2298.97,9.159243027888445,2298.97
16551,96,3,922.12,28.81625,922.12
16552,243,2,379.73,22.337058823529414,379.73
16553,163,12,5719.82,68.09309523809523,5719.82
16554,42,3,837.1,16.098076923076924,837.1
16555,35,2,285.89,16.81705882352941,285.89
16556,67,7,3313.79,16.008647342995168,3313.79
16557,24,2,281.85,25.622727272727275,281.85
16558,1,20,8338.49,18.127152173913043,8338.49
16560,27,2,841.41,15.02517857142857,841.41
16561,6,2,511.12,16.48774193548387,511.12
16563,54,1,1077.74,56.72315789473684,1077.74
16565,364,1,173.7,57.9,173.7
16566,15,5,614.66,34.147777777777776,614.66
16567,194,2,865.6,24.731428571428573,865.6
16569,3,1,124.2,24.84,124.2
16570,15,10,3738.4,29.66984126984127,3738.4
16571,27,3,1421.69,16.34126436781609,1421.69
16572,127,3,1009.6,17.712280701754388,1009.6
16573,85,2,663.61,15.800238095238095,663.61
16574,71,1,451.44,16.122857142857143,451.44
16581,183,1,105.84,11.76,105.84
16582,113,1,313.62,52.27,313.62
16583,374,1,233.45,16.675,233.45
16584,80,2,936.08,33.431428571428576,936.08
16586,249,1,463.95,57.99375,463.95
16587,232,1,225.15,17.31923076923077,225.15
16589,71,3,459.24,13.916363636363636,459.24
16591,69,1,213.5,21.35,213.5
16592,4,16,4113.68,19.044814814814817,4113.68
16593,51,3,330.03,12.223333333333333,330.03
16594,75,1,181.09,3.416792452830189,181.09
16595,61,1,360.16,4.237176470588236,360.16
16596,16,2,250.15,20.845833333333335,250.15
16597,4,1,90.04,12.862857142857143,90.04
16598,286,1,145.04999999999998,14.504999999999999,145.04999999999998
16600,4,6,813.52,13.121290322580645,813.52
16601,41,1,242.7,8.09,242.7
16602,36,1,528.08,18.209655172413793,528.08
16603,75,2,482.47,14.19029411764706,482.47
16607,18,14,3347.71,19.46343023255814,3347.71
16609,15,7,5493.46,19.903840579710145,5493.46
16610,219,1,75.66,12.61,75.66
16611,186,1,129.49,12.949000000000002,129.49
16612,33,4,1187.66,17.994848484848486,1187.66
16613,70,1,618.59,20.619666666666667,618.59
16614,183,1,506.19,19.468846153846155,506.19
16616,15,2,500.42,15.164242424242424,500.42
16617,236,1,151.85,30.369999999999997,151.85
16618,31,5,2647.59,27.579062500000003,2647.59
16619,264,1,226.21,16.157857142857143,226.21
16620,4,2,178.96,19.884444444444444,178.96
16621,52,4,813.48,28.05103448275862,813.48
16623,246,1,129.45,25.889999999999997,129.45
16624,81,2,810.5699999999999,16.886875,810.5699999999999
16625,275,1,333.08,14.481739130434782,333.08
16626,1,17,4413.1,24.65418994413408,4413.1
16627,79,1,322.8,16.14,322.8
16628,30,5,2188.05,18.701282051282053,2188.05
16629,74,2,408.63,6.8105,408.63
16633,17,6,2883.1,18.967763157894737,2883.1
16634,223,2,217.9,24.211111111111112,217.9
16637,32,4,1154.47,16.73144927536232,1154.47
16638,23,10,1680.72,17.88,1680.72
16639,31,3,1257.51,25.150199999999998,1257.51
16641,106,1,231.10000000000002,19.258333333333336,231.10000000000002
16642,5,2,688.33,20.245,688.33
16643,246,1,487.51,18.055925925925926,487.51
16644,178,2,833.78,13.448064516129032,833.78
16647,170,2,214.06,15.290000000000001,214.06
16648,43,1,290.65999999999997,15.297894736842103,290.65999999999997
16650,72,1,518.42,21.60083333333333,518.42
16652,59,7,6773.97,57.406525423728816,6773.97
16653,16,2,1212.66,17.574782608695653,1212.66
16654,141,4,601.27,20.733448275862067,601.27
16655,18,6,3789.52,14.688062015503876,3789.52
16656,22,15,8625.8,118.16164383561643,8625.8
16657,10,4,874.43,4.554322916666666,874.43
16658,368,1,123.24,15.405,123.24
16659,189,1,39.12,19.56,39.12
16660,16,4,1267.6499999999999,79.22812499999999,1267.6499999999999
16665,362,1,135.39999999999998,15.044444444444443,135.39999999999998
16666,19,1,118.98,3.718125,118.98
16667,68,2,567.1800000000001,10.907307692307693,567.1800000000001
16668,15,6,306.71999999999997,15.335999999999999,306.71999999999997
16669,24,3,1348.88,8.646666666666667,1348.88
16670,17,11,4095.9,16.25357142857143,4095.9
16671,28,3,1692.27,282.045,1692.27
16672,2,20,8134.9400000000005,71.35912280701754,8134.9400000000005
16674,55,2,304.24,3.2713978494623657,304.24
16676,34,4,1592.1200000000001,17.888988764044946,1592.1200000000001
16678,3,12,3109.99,19.07969325153374,3109.99
16679,366,1,129.75,43.25,129.75
16680,43,1,183.7,18.369999999999997,183.7
16681,73,6,1770.34,40.235,1770.34
16682,5,5,1028.0,34.266666666666666,1028.0
16684,4,28,66653.56,240.6265703971119,66653.56
16685,61,2,324.24,5.2296774193548385,324.24
16686,47,7,2959.88,5.440955882352942,2959.88
16688,1,4,1260.86,20.336451612903225,1260.86
16689,76,2,422.59999999999997,32.5076923076923,422.59999999999997
16690,72,2,225.57999999999998,18.798333333333332,225.57999999999998
16692,256,2,1276.0,425.3333333333333,1276.0
16693,69,2,477.86,8.099322033898305,477.86
16696,135,4,657.9000000000001,65.79,657.9000000000001
16697,241,1,112.75,5.369047619047619,112.75
16698,227,2,1998.0,399.6,1998.0
16700,9,13,5076.55,16.482305194805196,5076.55
16701,9,13,5398.3,37.488194444444446,5398.3
16705,1,20,14034.99,51.98144444444444,14034.99
16706,37,3,531.35,4.319918699186992,531.35
16708,46,1,656.63,24.31962962962963,656.63
16709,85,5,3029.87,38.35278481012658,3029.87
16710,19,10,2467.99,6.263934010152283,2467.99
16711,3,5,1651.03,75.04681818181818,1651.03
16712,9,11,3611.31,8.245,3611.31
16713,19,15,6910.78,11.164426494345719,6910.78
16714,219,3,1129.06,12.977701149425286,1129.06
16715,78,1,301.71999999999997,15.879999999999999,301.71999999999997
16716,267,2,901.2,450.6,901.2
16717,24,6,3843.08,19.40949494949495,3843.08
16718,369,1,606.0500000000001,13.773863636363638,606.0500000000001
16719,15,7,1770.22,9.031734693877551,1770.22
16720,26,1,152.95,6.117999999999999,152.95
16721,262,1,292.47,7.904594594594595,292.47
16722,17,13,4730.81,21.025822222222224,4730.81
16723,91,2,576.4,13.723809523809523,576.4
16725,302,7,758.27,5.229448275862069,758.27
16726,26,5,1358.74,7.633370786516854,1358.74
16727,364,1,256.32,5.825454545454545,256.32
16728,46,4,1048.28,3.9858555133079845,1048.28
16729,38,21,7205.33,10.983734756097562,7205.33
16730,52,3,743.11,9.062317073170732,743.11
16732,32,1,603.75,21.5625,603.75
16734,52,3,646.76,12.437692307692307,646.76
16735,79,5,2247.41,19.374224137931034,2247.41
16737,53,1,417.59999999999997,417.59999999999997,417.59999999999997
16738,298,1,3.75,3.75,3.75
16739,177,1,323.0,24.846153846153847,323.0
16742,47,1,464.9,464.9,464.9
16743,29,7,2213.13,11.648052631578947,2213.13
16744,11,7,1291.91,5.4741949152542375,1291.91
16745,87,17,7180.7,20.227323943661972,7180.7
16746,5,18,6680.11,15.045292792792791,6680.11
16747,38,2,836.06,19.906190476190474,836.06
16748,18,5,1515.9,21.969565217391306,1515.9
16750,45,5,623.93,6.567684210526315,623.93
16751,31,1,1764.72,70.5888,1764.72
16752,373,1,207.5,23.055555555555557,207.5
16753,58,1,223.92000000000002,6.5858823529411765,223.92000000000002
16754,372,1,2002.4,1001.2,2002.4
16755,114,3,1475.43,8.942,1475.43
16756,215,1,239.4,18.415384615384617,239.4
16757,319,1,106.83000000000001,15.261428571428572,106.83000000000001
16758,65,1,369.34000000000003,16.78818181818182,369.34000000000003
16759,8,3,789.79,18.804523809523808,789.79
16761,97,1,316.62,24.355384615384615,316.62
16762,20,3,1207.24,19.162539682539684,1207.24
16763,199,1,611.85,26.60217391304348,611.85
16764,4,13,2790.9500000000003,3.987071428571429,2790.9500000000003
16765,294,1,34.0,34.0,34.0
16766,273,2,1145.6,33.69411764705882,1145.6
16767,31,11,5575.56,25.22877828054299,5575.56
16768,48,3,478.09000000000003,8.85351851851852,478.09000000000003
16769,260,1,361.54,9.51421052631579,361.54
16770,58,5,757.1,5.407857142857143,757.1
16771,33,5,2242.61,8.829173228346457,2242.61
16773,57,1,171.59,6.599615384615385,171.59
16774,68,4,661.52,13.781666666666666,661.52
16775,10,11,1691.51,10.773949044585986,1691.51
16776,60,1,371.54,5.232957746478873,371.54
16777,80,2,222.62,4.6379166666666665,222.62
16778,74,2,245.94,15.37125,245.94
16779,2,22,10611.720000000001,32.05957703927493,10611.720000000001
16780,100,2,422.24,7.156610169491525,422.24
16781,372,1,311.25,18.308823529411764,311.25
16782,10,13,2267.9500000000003,12.393169398907105,2267.9500000000003
16784,20,1,107.6,35.86666666666667,107.6
16788,123,2,594.39,4.016148648648649,594.39
16789,8,1,80.8,16.16,80.8
16790,4,6,1545.6200000000001,16.61956989247312,1545.6200000000001
16791,29,7,1705.78,5.432420382165605,1705.78
16792,282,2,110.38000000000001,9.198333333333334,110.38000000000001
16793,57,1,243.84,15.24,243.84
16794,1,10,1196.5,4.303956834532374,1196.5
16795,365,1,414.88,6.286060606060606,414.88
16796,89,1,305.62,16.97888888888889,305.62
16800,11,1,1162.65,7.452884615384616,1162.65
16801,163,4,1594.23,21.2564,1594.23
16803,65,1,332.3,13.845833333333333,332.3
16804,23,3,536.99,8.949833333333334,536.99
16805,174,2,460.59,4.699897959183673,460.59
16806,103,4,762.16,8.195268817204301,762.16
16807,143,3,1121.59,16.740149253731342,1121.59
16808,99,2,288.42,12.540000000000001,288.42
16809,23,5,914.69,6.138859060402685,914.69
16810,192,1,309.54,20.636000000000003,309.54
16811,5,2,547.07,19.538214285714286,547.07
16812,361,1,479.35,31.956666666666667,479.35
16813,8,10,1652.18,3.878356807511737,1652.18
16814,14,21,6416.7,20.115047021943575,6416.7
16816,103,4,417.06,14.895,417.06
16817,3,9,1604.75,18.65988372093023,1604.75
16818,11,11,3349.57,17.81686170212766,3349.57
16820,96,1,497.61,19.138846153846153,497.61
16823,227,1,358.38,9.431052631578947,358.38
16824,16,2,460.64,17.716923076923077,460.64
16825,39,2,775.1800000000001,27.685000000000002,775.1800000000001
16826,51,1,341.7,15.531818181818181,341.7
16828,93,2,128.5,16.0625,128.5
16829,157,1,197.22,17.92909090909091,197.22
16830,39,1,325.91,14.170000000000002,325.91
16832,184,3,199.15,16.595833333333335,199.15
16833,1,4,1106.53,23.5431914893617,1106.53
16834,228,1,413.46,17.2275,413.46
16835,128,2,180.85,18.085,180.85
16836,40,2,251.87,22.89727272727273,251.87
16837,31,11,3170.98,19.218060606060607,3170.98
16838,197,2,588.85,23.554000000000002,588.85
16839,9,34,16594.35,62.38477443609022,16594.35
16841,37,6,1869.82,16.119137931034484,1869.82
16842,101,3,1264.19,20.066507936507936,1264.19
16843,43,16,10196.57,26.97505291005291,10196.57
16846,50,1,214.32,19.483636363636364,214.32
16847,43,1,193.44,16.12,193.44
16848,53,1,281.42,20.101428571428574,281.42
16849,187,1,124.57,15.57125,124.57
16850,334,1,332.41,17.495263157894737,332.41
16851,4,3,342.45,17.1225,342.45
16852,10,2,144.91000000000003,16.101111111111113,144.91000000000003
16855,24,2,328.4,17.28421052631579,328.4
16856,15,1,35.400000000000006,17.700000000000003,35.400000000000006
16858,369,1,375.69000000000005,37.569,375.69000000000005
16859,145,2,747.81,14.380961538461538,747.81
16861,60,2,173.76,28.959999999999997,173.76
16863,31,2,502.8,19.338461538461537,502.8
16866,141,3,207.73999999999998,18.885454545454543,207.73999999999998
16869,23,4,817.12,6.434015748031496,817.12
16871,22,6,2812.34,20.528029197080293,2812.34
16872,77,3,680.02,97.14571428571428,680.02
16873,5,6,7123.62,25.53268817204301,7123.62
16875,67,5,2095.53,18.710089285714286,2095.53
16877,12,6,846.62,5.427051282051282,846.62
16878,84,1,13.3,4.433333333333334,13.3
16880,31,7,1491.43,8.571436781609195,1491.43
16881,67,1,432.0,432.0,432.0
16882,67,3,705.12,18.080000000000002,705.12
16883,187,2,272.48,7.364324324324325,272.48
16884,38,2,429.84000000000003,16.532307692307693,429.84000000000003
16885,15,3,450.41,4.691770833333334,450.41
16887,35,1,192.32999999999998,5.342499999999999,192.32999999999998
16889,195,3,1578.67,11.693851851851852,1578.67
16891,2,5,742.43,3.991559139784946,742.43
16892,1,5,518.19,5.3421649484536085,518.19
16893,367,1,145.93,3.242888888888889,145.93
16895,65,1,202.27,3.26241935483871,202.27
16897,299,2,289.78,7.831891891891891,289.78
16898,26,3,501.03,3.191273885350318,501.03
16899,8,6,1271.06,10.333821138211382,1271.06
16900,17,3,887.11,11.229240506329115,887.11
16902,116,1,1706.88,38.79272727272728,1706.88
16903,29,1,363.2,6.485714285714286,363.2
16904,4,16,3653.75,5.4943609022556394,3653.75
16905,5,7,3037.6,15.2643216080402,3037.6
16906,82,4,559.59,6.506860465116279,559.59
16907,29,5,928.76,6.634,928.76
16909,72,1,379.14,21.063333333333333,379.14
16910,4,8,1508.96,2.7687339449541284,1508.96
16912,29,11,2555.58,25.555799999999998,2555.58
16913,290,1,113.44,14.18,113.44
16914,36,1,183.76,6.125333333333333,183.76
16915,9,6,621.6800000000001,10.906666666666668,621.6800000000001
16916,24,2,562.41,4.135367647058823,562.41
16917,277,1,391.52,43.50222222222222,391.52
16918,50,6,1068.82,8.35015625,1068.82
16919,156,11,2592.25,7.951687116564417,2592.25
16921,61,1,154.18,2.8032727272727276,154.18
16923,12,19,7069.08,11.292460063897764,7069.08
16924,21,3,829.89,10.245555555555555,829.89
16926,371,1,230.25,16.446428571428573,230.25
16927,116,3,543.05,90.50833333333333,543.05
16928,80,17,2814.7,13.797549019607843,2814.7
16929,4,7,1295.39,16.823246753246753,1295.39
16930,26,3,378.89,7.148867924528302,378.89
16931,5,21,4554.87,5.140936794582393,4554.87
16932,53,1,150.23000000000002,3.129791666666667,150.23000000000002
16933,1,2,563.23,12.800681818181818,563.23
16934,55,2,931.03,15.262786885245902,931.03
16936,26,1,261.9,4.676785714285714,261.9
16938,9,4,2711.6800000000003,11.539063829787235,2711.6800000000003
16940,52,3,3049.88,9.99960655737705,3049.88
16942,13,9,1904.99,6.877220216606498,1904.99
16943,212,3,816.73,24.74939393939394,816.73
16945,22,19,4345.5,17.451807228915662,4345.5
16947,236,1,406.48,19.356190476190477,406.48
16948,139,3,435.02,22.89578947368421,435.02
16949,4,6,1286.27,21.437833333333334,1286.27
16950,57,3,1178.56,28.06095238095238,1178.56
16951,135,3,1277.75,14.857558139534884,1277.75
16952,109,2,167.61,10.475625,167.61
16953,30,1,20.8,20.8,20.8
16954,1,9,2085.08,38.61259259259259,2085.08
16955,185,4,518.67,20.746799999999997,518.67
16956,18,1,308.74,19.29625,308.74
16957,239,2,416.64,26.04,416.64
16959,87,1,117.35000000000001,16.764285714285716,117.35000000000001
16960,39,3,507.05,5.02029702970297,507.05
16961,116,1,234.17,16.72642857142857,234.17
16963,187,1,110.55000000000001,15.792857142857144,110.55000000000001
16965,227,1,201.19,7.738076923076923,201.19
16966,8,7,2154.97,76.96321428571427,2154.97
16967,189,1,319.02,15.19142857142857,319.02
16968,4,2,439.43,14.175161290322581,439.43
16969,39,3,650.41,15.48595238095238,650.41
16971,38,1,357.21,8.712439024390243,357.21
16976,267,1,251.51999999999998,125.75999999999999,251.51999999999998
16978,78,1,344.33,8.828974358974358,344.33
16979,4,6,1852.0,20.808988764044944,1852.0
16980,255,2,1028.46,12.697037037037038,1028.46
16982,61,1,384.06,17.457272727272727,384.06
16983,13,7,1905.87,13.327762237762236,1905.87
16984,88,2,4459.52,11.148800000000001,4459.52
16985,17,10,5464.12,45.53433333333333,5464.12
16986,30,2,1873.2,624.4,1873.2
16987,3,7,1616.8,12.63125,1616.8
16988,5,1,126.12,18.017142857142858,126.12
16989,7,6,1133.25,94.4375,1133.25
16990,219,1,179.0,179.0,179.0
16992,11,5,1614.31,17.358172043010754,1614.31
16996,30,6,1456.96,39.3772972972973,1456.96
16997,288,3,702.0,58.5,702.0
16998,150,4,295.0,73.75,295.0
16999,23,2,484.82,21.07913043478261,484.82
17001,1,11,3989.57,23.606923076923078,3989.57
17002,86,3,1493.73,30.484285714285715,1493.73
17004,46,2,1312.1399999999999,30.51488372093023,1312.1399999999999
17006,5,4,781.78,17.76772727272727,781.78
17007,51,6,889.9300000000001,17.114038461538463,889.9300000000001
17010,18,1,195.36,17.76,195.36
17011,30,1,270.9,18.06,270.9
17014,8,3,583.4300000000001,8.103194444444446,583.4300000000001
17015,29,3,1838.6100000000001,8.591635514018693,1838.6100000000001
17017,3,20,8694.26,34.50103174603175,8694.26
17018,41,2,920.1,57.50625,920.1
17019,11,4,1258.08,5.517894736842105,1258.08
17022,31,1,71.0,10.142857142857142,71.0
17024,45,3,95.85,31.95,95.85
17025,61,3,357.77,39.75222222222222,357.77
17026,185,2,154.82999999999998,38.707499999999996,154.82999999999998
17027,79,6,877.5600000000001,5.92945945945946,877.5600000000001
17029,111,2,716.0,358.0,716.0
17030,64,1,146.87,13.351818181818182,146.87
17031,12,2,380.35,17.288636363636364,380.35
17033,86,3,1030.14,36.79071428571429,1030.14
17034,16,3,745.52,24.850666666666665,745.52
17035,246,2,433.53000000000003,15.483214285714286,433.53000000000003
17037,88,1,1267.32,16.8976,1267.32
17038,30,1,112.4,5.109090909090909,112.4
17040,138,1,449.73,29.982000000000003,449.73
17041,27,3,1071.49,15.528840579710145,1071.49
17042,3,5,1036.58,10.686391752577318,1036.58
17043,32,4,1735.18,17.01156862745098,1735.18
17044,25,1,948.48,158.08,948.48
17045,113,3,339.44,15.42909090909091,339.44
17046,157,1,642.02,29.182727272727274,642.02
17047,85,3,1100.9,16.93692307692308,1100.9
17048,118,3,925.35,21.519767441860466,925.35
17049,3,9,5655.03,17.839211356466876,5655.03
17050,96,6,3185.64,10.342987012987013,3185.64
17051,194,1,240.89000000000001,5.735476190476191,240.89000000000001
17052,28,1,399.09,4.808313253012048,399.09
17053,131,1,498.48,38.34461538461539,498.48
17054,28,5,1356.33,16.34132530120482,1356.33
17058,82,3,1179.89,19.030483870967743,1179.89
17059,30,5,3080.39,5.9929766536964975,3080.39
17060,266,1,234.24,46.848,234.24
17061,74,11,5232.2300000000005,52.850808080808086,5232.2300000000005
17062,314,4,533.33,7.7294202898550735,533.33
17063,21,7,1461.14,18.732564102564105,1461.14
17064,59,3,855.45,14.02377049180328,855.45
17068,12,21,4552.14,15.378851351351353,4552.14
17069,28,9,2709.7000000000003,18.948951048951052,2709.7000000000003
17070,114,1,304.24,4.9070967741935485,304.24
17071,28,9,2429.03,17.350214285714287,2429.03
17073,18,4,1446.09,8.310862068965516,1446.09
17075,18,4,834.12,10.832727272727272,834.12
17076,36,3,841.0799999999999,33.6432,841.0799999999999
17078,36,2,378.2,13.507142857142856,378.2
17079,78,1,118.80000000000001,59.400000000000006,118.80000000000001
17080,22,2,287.62,35.9525,287.62
17081,25,2,288.91,4.585873015873016,288.91
17082,33,2,2003.85,24.738888888888887,2003.85
17083,109,3,1405.78,27.034230769230767,1405.78
17084,35,2,2747.9900000000002,18.44288590604027,2747.9900000000002
17085,123,5,1562.4,8.4,1562.4
17086,7,6,2050.08,21.355,2050.08
17088,28,4,1991.01,17.313130434782607,1991.01
17090,4,7,1974.65,32.37131147540984,1974.65
17091,3,9,3827.76,19.629538461538463,3827.76
17092,50,4,1774.03,14.306693548387097,1774.03
17094,322,1,302.0,21.571428571428573,302.0
17095,23,3,1324.16,17.894054054054056,1324.16
17096,15,4,1022.13,21.294375,1022.13
17097,2,8,954.42,4.523317535545024,954.42
17100,18,2,971.74,14.949846153846154,971.74
17101,10,4,1621.73,38.61261904761905,1621.73
17102,262,1,25.5,25.5,25.5
17105,159,2,665.78,7.397555555555555,665.78
17107,33,6,10797.48,25.955480769230768,10797.48
17109,29,6,881.29,7.597327586206896,881.29
17110,165,1,163.29999999999998,13.608333333333333,163.29999999999998
17111,47,1,231.61,7.986551724137931,231.61
17114,6,8,801.12,6.5131707317073175,801.12
17115,8,3,837.5,21.474358974358974,837.5
17117,288,1,116.19999999999999,12.91111111111111,116.19999999999999
17118,318,1,157.02,15.702000000000002,157.02
17119,3,2,606.91,17.340285714285713,606.91
17120,233,1,307.46,17.08111111111111,307.46
17122,119,1,138.32,19.759999999999998,138.32
17123,162,1,345.29999999999995,38.36666666666666,345.29999999999995
17124,185,1,294.24,9.491612903225807,294.24
17125,50,1,230.5,6.585714285714285,230.5
17126,152,5,989.45,3.989717741935484,989.45
17128,335,1,157.09,11.220714285714285,157.09
17131,5,5,2463.17,18.38186567164179,2463.17
17133,16,7,4892.240000000001,181.1940740740741,4892.240000000001
17134,107,2,413.2,17.965217391304346,413.2
17135,16,7,1139.73,21.917884615384615,1139.73
17138,276,1,380.5,15.854166666666666,380.5
17139,16,12,10650.77,22.328658280922433,10650.77
17140,247,1,454.12,25.22888888888889,454.12
17142,239,1,579.0,38.6,579.0
17144,1,2,984.57,20.511875,984.57
17146,106,3,749.78,21.422285714285714,749.78
17147,23,4,1714.59,21.167777777777776,1714.59
17148,52,1,124.88,13.875555555555556,124.88
17152,195,3,1689.5,120.67857142857143,1689.5
17153,24,1,213.78,15.27,213.78
17154,75,1,329.34,14.319130434782608,329.34
17155,18,2,251.70000000000002,12.585,251.70000000000002
17157,8,2,319.0,24.53846153846154,319.0
17158,32,3,1266.97,18.91,1266.97
17159,22,3,1538.88,15.236435643564358,1538.88
17160,31,6,3518.03,15.362576419213974,3518.03
17162,29,10,1715.46,16.494807692307692,1715.46
17163,22,2,293.1,58.620000000000005,293.1
17164,33,7,2467.35,17.134375,2467.35
17165,284,1,158.68,15.868,158.68
17166,39,2,206.34,17.195,206.34
17169,58,2,835.78,15.477407407407407,835.78
17171,289,1,224.91,14.056875,224.91
17172,79,1,317.76,21.184,317.76
17173,5,8,3766.6,43.79767441860465,3766.6
17174,218,1,59.9,14.975,59.9
17175,44,4,1443.69,22.915714285714287,1443.69
17176,202,1,306.13,20.408666666666665,306.13
17179,178,3,711.79,8.897375,711.79
17180,56,4,783.97,6.2717600000000004,783.97
17181,57,2,239.92000000000002,10.431304347826087,239.92000000000002
17183,8,6,3347.31,45.85356164383562,3347.31
17186,47,2,144.0,72.0,144.0
17187,227,1,203.95,20.395,203.95
17188,11,7,2474.23,29.455119047619046,2474.23
17189,106,2,383.75,6.395833333333333,383.75
17190,59,2,444.74,23.40736842105263,444.74
17191,28,7,2093.68,8.871525423728812,2093.68
17193,36,7,1699.3000000000002,53.103125000000006,1699.3000000000002
17194,274,2,262.62,9.055862068965517,262.62
17197,30,1,1013.01,34.93137931034483,1013.01
17198,24,3,692.22,7.210625,692.22
17201,54,1,289.78,7.62578947368421,289.78
17203,36,6,3560.08,24.054594594594594,3560.08
17204,175,4,1564.56,27.448421052631577,1564.56
17205,54,1,384.08,29.544615384615383,384.08
17206,53,1,204.24,29.177142857142858,204.24
17211,27,8,2317.2200000000003,10.982085308056874,2317.2200000000003
17212,253,1,226.85,56.7125,226.85
17213,40,7,2781.23,17.71484076433121,2781.23
17214,60,6,1059.1200000000001,10.486336633663367,1059.1200000000001
17217,234,1,113.5,12.61111111111111,113.5
17218,4,10,1951.97,7.202841328413284,1951.97
17219,32,1,114.23,4.5692,114.23
17220,24,14,3187.55,6.8255888650963605,3187.55
17221,7,2,334.48,5.39483870967742,334.48
17222,65,1,328.65,12.17222222222222,328.65
17223,310,2,416.89,8.685208333333334,416.89
17226,309,1,393.49,18.73761904761905,393.49
17227,19,6,939.32,19.985531914893617,939.32
17228,16,8,1906.09,9.16389423076923,1906.09
17229,96,2,318.76,6.782127659574468,318.76
17230,264,8,3638.41,52.73057971014492,3638.41
17231,12,10,3124.72,5.884595103578154,3124.72
17232,3,2,417.77,11.936285714285713,417.77
17233,35,1,190.88,7.6352,190.88
17234,183,1,149.89000000000001,10.706428571428573,149.89000000000001
17235,25,2,550.06,18.96758620689655,550.06
17236,13,6,916.13,8.725047619047618,916.13
17237,11,2,314.69,16.562631578947368,314.69
17238,3,17,3719.1,6.701081081081081,3719.1
17239,313,1,382.5,25.5,382.5
17242,108,2,1135.04,28.375999999999998,1135.04
17243,1,26,8540.05,22.067312661498708,8540.05
17244,53,1,954.9,30.80322580645161,954.9
17245,205,1,171.45,19.049999999999997,171.45
17247,15,1,280.09000000000003,5.186851851851852,280.09000000000003
17248,120,1,318.65,4.618115942028985,318.65
17250,4,2,381.97,6.820892857142858,381.97
17251,363,1,269.83,7.2927027027027025,269.83
17252,117,2,348.91,4.057093023255814,348.91
17253,18,1,178.26,9.903333333333332,178.26
17254,5,2,271.19,2.443153153153153,271.19
17255,41,2,291.48,3.9389189189189193,291.48
17256,107,2,240.0,15.0,240.0
17259,148,2,581.23,5.010603448275862,581.23
17262,52,5,1253.3600000000001,104.44666666666667,1253.3600000000001
17263,208,1,63.440000000000005,2.7582608695652175,63.440000000000005
17265,139,2,550.01,4.50827868852459,550.01
17266,2,3,296.58,4.062739726027397,296.58
17267,127,2,317.2,8.572972972972973,317.2
17268,108,4,763.64,127.27333333333333,763.64
17272,42,4,2148.63,18.847631578947368,2148.63
17274,35,1,107.82,4.312799999999999,107.82
17277,228,2,1065.3500000000001,15.43985507246377,1065.3500000000001
17278,241,1,246.04,16.402666666666665,246.04
17279,58,1,187.82999999999998,20.869999999999997,187.82999999999998
17282,130,3,1685.46,18.937752808988765,1685.46
17284,60,6,1647.48,5.661443298969072,1647.48
17286,22,1,151.37,3.440227272727273,151.37
17287,26,7,1049.06,8.598852459016394,1049.06
17288,9,7,1417.63,10.125928571428572,1417.63
17289,32,3,931.02,8.952115384615384,931.02
17290,4,2,513.01,5.343854166666667,513.01
17291,308,1,550.8000000000001,550.8000000000001,550.8000000000001
17293,8,9,1854.06,14.04590909090909,1854.06
17295,29,3,547.0,8.044117647058824,547.0
17297,17,1,128.18,2.615918367346939,128.18
17298,101,2,498.42,16.614,498.42
17299,12,4,656.61,11.938363636363636,656.61
17301,21,1,163.24,2.7667796610169493,163.24
17302,15,5,1135.63,14.375063291139242,1135.63
17303,361,1,250.04,4.717735849056604,250.04
17306,11,19,8631.31,130.77742424242425,8631.31
17309,95,1,82.75,6.895833333333333,82.75
17311,78,2,1384.85,25.179090909090906,1384.85
17312,139,3,644.3,46.021428571428565,644.3
17313,31,1,2328.84,97.03500000000001,2328.84
17314,25,8,2527.92,19.297099236641223,2527.92
17315,2,38,6281.23,13.335944798301485,6281.23
17317,46,3,2600.34,288.9266666666667,2600.34
17320,100,3,1200.6200000000001,16.446849315068494,1200.6200000000001
17321,8,2,657.16,6.637979797979797,657.16
17323,15,7,906.52,4.648820512820513,906.52
17324,18,4,986.48,20.132244897959183,986.48
17325,280,1,96.8,16.133333333333333,96.8
17329,14,2,523.11,15.851818181818182,523.11
17330,23,2,363.9,60.65,363.9
17331,124,1,175.2,175.2,175.2
17333,86,1,494.25,17.651785714285715,494.25
17334,302,2,307.02,27.91090909090909,307.02
17337,151,4,1981.06,3.802418426103647,1981.06
17338,17,8,6493.54,9.00629680998613,6493.54
17339,94,2,243.36,27.040000000000003,243.36
17340,30,11,12353.29,30.352063882063884,12353.29
17341,157,3,682.29,4.3457961783439485,682.29
17343,355,1,193.64,11.390588235294118,193.64
17344,46,1,157.62,5.0845161290322585,157.62
17345,15,4,519.6899999999999,6.261325301204819,519.6899999999999
17346,4,15,2622.88,5.430393374741201,2622.88
17347,86,1,228.96,228.96,228.96
17348,15,5,1156.6,5.430046948356807,1156.6
17349,179,1,98.25,12.28125,98.25
17350,8,4,1281.32,18.30457142857143,1281.32
17351,36,3,587.15,21.746296296296297,587.15
17353,129,2,1740.0,217.5,1740.0
17354,51,1,1393.06,87.06625,1393.06
17356,312,1,178.22,9.38,178.22
17357,24,2,384.39,8.736136363636364,384.39
17358,303,2,360.81,6.220862068965517,360.81
17359,11,1,127.86,8.524,127.86
17360,17,3,568.24,4.54592,568.24
17361,49,3,488.2,16.834482758620688,488.2
17362,239,2,312.23,8.920857142857143,312.23
17364,1,11,4462.68,10.991822660098522,4462.68
17365,13,8,4767.36,10.252387096774193,4767.36
17367,238,1,167.55,5.077272727272728,167.55
17368,23,8,1878.87,17.559532710280372,1878.87
17370,73,4,446.18,13.520606060606061,446.18
17371,17,3,418.4,4.865116279069767,418.4
17372,41,8,1337.18,5.3274103585657375,1337.18
17373,40,4,646.92,11.349473684210526,646.92
17374,219,2,495.77,17.706071428571427,495.77
17375,199,3,400.1,5.798550724637681,400.1
17376,71,2,203.2,8.466666666666667,203.2
17377,24,20,4058.32,10.045346534653465,4058.32
17379,11,1,389.71999999999997,4.996410256410256,389.71999999999997
17381,9,29,20275.61,186.01477064220185,20275.61
17382,65,1,65.4,32.7,65.4
17383,4,1,193.39000000000001,3.946734693877551,193.39000000000001
17384,19,2,336.4,22.426666666666666,336.4
17385,15,1,256.11,5.691333333333334,256.11
17386,8,6,2686.42,95.94357142857143,2686.42
17387,20,2,746.81,9.826447368421052,746.81
17388,78,4,1259.56,83.97066666666666,1259.56
17389,1,34,31833.68,149.45389671361502,31833.68
17391,164,2,508.8,169.6,508.8
17392,307,2,417.27,7.45125,417.27
17394,219,1,203.86999999999998,50.967499999999994,203.86999999999998
17396,39,8,7330.8,271.5111111111111,7330.8
17397,22,2,681.41,7.65629213483146,681.41
17398,115,3,653.38,17.19421052631579,653.38
17400,126,5,2097.84,10.18368932038835,2097.84
17402,5,13,2633.85,44.641525423728815,2633.85
17403,36,1,263.92,8.2475,263.92
17404,4,15,31906.82,161.14555555555555,31906.82
17405,1,3,1031.41,12.578170731707319,1031.41
17406,333,3,2184.42,19.67945945945946,2184.42
17408,163,1,32.65,16.325,32.65
17409,185,2,771.85,59.37307692307692,771.85
17410,16,5,1214.72,18.98,1214.72
17411,12,3,778.94,18.998536585365855,778.94
17412,3,7,1258.06,19.061515151515152,1258.06
17414,44,2,778.0,129.66666666666666,778.0
17415,80,1,507.84,36.27428571428571,507.84
17416,30,7,6893.42,25.626096654275095,6893.42
17418,42,2,463.46000000000004,15.448666666666668,463.46000000000004
17419,11,12,4226.57,20.517330097087378,4226.57
17420,50,3,598.83,19.961000000000002,598.83
17422,16,6,1979.37,16.917692307692306,1979.37
17423,46,2,698.41,26.861923076923077,698.41
17425,19,2,759.17,17.655116279069766,759.17
17426,8,6,5037.26,18.58767527675277,5037.26
17427,72,1,100.8,50.4,100.8
17428,1,28,17256.85,52.61234756097561,17256.85
17429,128,3,524.9200000000001,13.459487179487182,524.9200000000001
17430,33,2,265.76,18.982857142857142,265.76
17431,313,1,403.3,9.37906976744186,403.3
17432,18,2,365.76,7.62,365.76
17433,88,1,303.15999999999997,5.6140740740740736,303.15999999999997
17434,2,7,2373.82,17.715074626865672,2373.82
17436,2,2,216.29999999999998,24.03333333333333,216.29999999999998
17438,254,1,388.45000000000005,22.85,388.45000000000005
17440,157,3,186.42000000000002,37.284000000000006,186.42000000000002
17442,37,6,2248.56,16.656,2248.56
17443,220,1,534.24,534.24,534.24
17444,148,3,2940.04,21.778074074074073,2940.04
17446,177,2,120.9,13.433333333333334,120.9
17447,40,2,541.53,15.042499999999999,541.53
17449,2,7,2519.21,9.127572463768116,2519.21
17450,8,46,194390.79,578.5440178571429,194390.79
17451,1,7,1721.4,17.214000000000002,1721.4
17453,18,2,486.71999999999997,25.616842105263157,486.71999999999997
17454,192,4,517.53,8.484098360655738,517.53
17455,204,1,131.7,16.4625,131.7
17456,365,1,249.86,14.69764705882353,249.86
17457,127,5,1737.7,91.4578947368421,1737.7
17458,15,1,316.5,5.861111111111111,316.5
17459,43,2,657.3,5.921621621621621,657.3
17460,94,6,622.4300000000001,21.463103448275863,622.4300000000001
17461,23,3,735.82,6.941698113207548,735.82
17462,60,2,675.69,25.025555555555556,675.69
17463,16,5,1875.86,9.018557692307692,1875.86
17464,158,1,289.96000000000004,32.21777777777778,289.96000000000004
17466,10,2,763.28,18.61658536585366,763.28
17468,10,2,137.0,27.4,137.0
17469,16,5,1870.97,21.261022727272728,1870.97
17470,45,5,1125.07,14.423974358974359,1125.07
17472,191,3,697.54,4.0088505747126435,697.54
17475,79,1,194.37,13.883571428571429,194.37
17480,78,1,511.82,17.64896551724138,511.82
17481,4,4,1255.59,15.312073170731706,1255.59
17483,65,3,414.04,19.716190476190476,414.04
17486,261,1,396.87,16.53625,396.87
17489,59,2,376.64,12.987586206896552,376.64
17490,1,7,2092.32,27.530526315789476,2092.32
17491,1,10,3558.87,32.65018348623853,3558.87
17492,248,1,374.57,31.214166666666667,374.57
17495,8,2,497.56,18.42814814814815,497.56
17496,359,1,271.05,27.105,271.05
17498,76,1,272.22,16.01294117647059,272.22
17499,290,1,622.88,15.572,622.88
17500,17,3,1138.0,227.6,1138.0
17501,221,2,288.6,16.033333333333335,288.6
17502,9,4,689.1,24.610714285714288,689.1
17503,3,2,558.96,14.709473684210527,558.96
17504,206,9,2997.0299999999997,23.598661417322834,2997.0299999999997
17505,162,2,1145.84,22.035384615384615,1145.84
17506,76,1,302.2,21.585714285714285,302.2
17507,262,2,605.58,6.881590909090909,605.58
17508,281,1,387.31,17.605,387.31
17509,58,8,6083.64,16.713296703296706,6083.64
17510,25,1,308.48,15.424000000000001,308.48
17511,3,31,91062.38,94.5611422637591,91062.38
17512,29,10,2924.9900000000002,27.85704761904762,2924.9900000000002
17513,72,1,513.2,85.53333333333335,513.2
17514,128,1,208.65,5.2162500000000005,208.65
17515,31,4,639.02,7.345057471264368,639.02
17516,15,5,764.88,5.665777777777778,764.88
17517,309,1,153.94,13.994545454545454,153.94
17519,17,6,1844.02,22.488048780487805,1844.02
17520,54,1,546.81,18.226999999999997,546.81
17521,30,3,723.2099999999999,16.07133333333333,723.2099999999999
17522,2,5,1070.71,14.667260273972603,1070.71
17523,11,4,652.74,19.78,652.74
17524,361,1,145.0,24.166666666666668,145.0
17525,360,1,422.70000000000005,46.96666666666667,422.70000000000005
17526,5,4,1195.8999999999999,62.942105263157885,1195.8999999999999
17527,54,4,939.37,19.98659574468085,939.37
17528,1,8,3628.5,14.34189723320158,3628.5
17530,1,10,2367.12,6.069538461538461,2367.12
17531,190,1,296.7,21.192857142857143,296.7
17534,54,1,223.36,24.817777777777778,223.36
17535,280,1,164.4,12.646153846153847,164.4
17536,177,1,76.5,25.5,76.5
17537,30,2,887.67,11.99554054054054,887.67
17538,26,1,98.42,10.935555555555556,98.42
17540,25,2,578.9,23.156,578.9
17542,270,1,170.75,6.83,170.75
17545,43,3,642.32,4.555460992907801,642.32
17548,234,1,103.3,20.66,103.3
17549,24,2,148.86,24.810000000000002,148.86
17550,197,3,267.16,6.360952380952382,267.16
17551,359,1,290.34,7.444615384615384,290.34
17552,60,4,930.41,18.987959183673468,930.41
17553,130,1,1487.6,743.8,1487.6
17554,1,5,1952.45,22.18693181818182,1952.45
17555,20,2,480.31,4.574380952380952,480.31
17556,206,1,157.9,26.316666666666666,157.9
17557,14,3,541.46,15.92529411764706,541.46
17560,95,4,854.95,32.88269230769231,854.95
17561,19,1,165.12,3.6693333333333333,165.12
17562,14,7,1122.38,17.81555555555556,1122.38
17564,24,3,454.01,9.265510204081632,454.01
17566,8,2,869.77,6.125140845070423,869.77
17567,7,8,4331.48,26.251393939393935,4331.48
17569,332,1,344.14,11.866896551724137,344.14
17571,50,4,1425.67,5.260774907749078,1425.67
17572,71,4,226.75000000000003,18.895833333333336,226.75000000000003
17573,29,3,380.6,15.224,380.6
17574,243,1,185.65,23.20625,185.65
17576,8,19,3564.83,8.86773631840796,3564.83
17578,218,1,143.45999999999998,28.691999999999997,143.45999999999998
17579,5,3,448.90000000000003,8.978000000000002,448.90000000000003
17580,253,3,215.72,4.793777777777778,215.72
17581,1,25,11025.24,25.114441913439634,11025.24
17582,236,1,175.27,6.043793103448277,175.27
17584,7,2,1242.3,35.494285714285716,1242.3
17585,109,4,1116.68,5.368653846153847,1116.68
17588,100,3,1240.2,53.92173913043479,1240.2
17589,60,4,2404.17,9.502648221343874,2404.17
17590,2,3,1468.02,7.489897959183673,1468.02
17591,73,7,2203.67,14.03611464968153,2203.67
17593,4,5,3923.86,18.50877358490566,3923.86
17594,85,2,993.18,19.863599999999998,993.18
17595,12,2,386.69,4.715731707317073,386.69
17596,23,7,2806.69,10.591283018867925,2806.69
17597,214,1,2044.3700000000001,37.17036363636364,2044.3700000000001
17600,18,1,161.67000000000002,12.436153846153847,161.67000000000002
17601,239,1,116.00999999999999,12.889999999999999,116.00999999999999
17602,2,6,5054.42,9.173176043557168,5054.42
17603,78,1,394.72,35.88363636363636,394.72
17604,217,2,309.36,4.91047619047619,309.36
17608,33,2,191.99,3.4283928571428572,191.99
17609,41,5,1105.78,4.745836909871245,1105.78
17611,7,15,3961.12,6.986102292768959,3961.12
17612,53,6,2048.45,15.173703703703703,2048.45
17613,23,14,4544.55,14.851470588235294,4544.55
17614,57,1,386.32,3.9420408163265304,386.32
17615,130,3,329.6,23.542857142857144,329.6
17616,174,3,571.1999999999999,190.39999999999998,571.1999999999999
17618,6,3,930.28,13.884776119402984,930.28
17619,312,1,214.37,2.896891891891892,214.37
17620,60,1,81.44,20.36,81.44
17621,21,3,1379.9,53.073076923076925,1379.9
17623,33,1,527.0500000000001,15.971212121212123,527.0500000000001
17624,15,2,843.48,16.869600000000002,843.48
17625,18,4,2020.4,6.602614379084968,2020.4
17628,81,1,75.75,15.15,75.75
17629,6,8,1814.12,14.748943089430893,1814.12
17630,170,2,503.59999999999997,19.369230769230768,503.59999999999997
17631,2,3,528.33,13.546923076923077,528.33
17633,31,4,1324.84,18.92628571428571,1324.84
17634,36,9,2358.59,7.96820945945946,2358.59
17636,19,1,285.56,14.278,285.56
17637,31,2,547.0600000000001,15.630285714285716,547.0600000000001
17639,276,1,108.5,15.5,108.5
17640,87,1,621.66,124.332,621.66
17642,120,2,712.29,17.80725,712.29
17643,373,1,101.55,12.69375,101.55
17644,1,11,2895.64,18.443566878980892,2895.64
17646,219,3,1008.39,19.77235294117647,1008.39
17647,65,1,133.06,19.00857142857143,133.06
17648,61,4,1797.5,19.752747252747252,1797.5
17649,138,1,868.49,16.70173076923077,868.49
17650,21,1,166.08,20.76,166.08
17651,12,10,3945.0,17.004310344827587,3945.0
17652,25,12,4867.72,18.794285714285714,4867.72
17653,37,4,1207.56,27.44454545454545,1207.56
17654,277,1,117.55,5.343181818181818,117.55
17655,11,7,2638.94,28.99934065934066,2638.94
17656,73,5,1674.69,20.423048780487804,1674.69
17658,26,2,595.42,31.337894736842102,595.42
17659,17,12,2999.46,18.98392405063291,2999.46
17660,141,1,178.75,4.703947368421052,178.75
17663,26,7,1802.91,20.96406976744186,1802.91
17664,19,2,604.64,14.061395348837209,604.64
17666,4,2,728.16,40.45333333333333,728.16
17667,66,5,2055.51,17.71991379310345,2055.51
17668,1,2,347.75,23.183333333333334,347.75
17669,43,7,3406.7200000000003,50.09882352941177,3406.7200000000003
17670,228,1,205.7,18.7,205.7
17671,16,4,1572.71,29.67377358490566,1572.71
17672,50,2,3178.17,28.892454545454545,3178.17
17673,2,6,1594.97,7.316376146788991,1594.97
17674,74,2,551.04,20.40888888888889,551.04
17675,1,31,20374.28,28.89968794326241,20374.28
17676,4,6,1371.18,17.807532467532468,1371.18
17677,2,30,16345.38,53.94514851485148,16345.38
17678,264,1,298.11,18.631875,298.11
17679,53,2,1992.1100000000001,66.40366666666667,1992.1100000000001
17680,24,1,184.4,16.763636363636365,184.4
17682,10,6,2474.33,20.968898305084746,2474.33
17684,44,1,239.41,15.960666666666667,239.41
17685,17,7,3155.83,24.849055118110236,3155.83
17686,7,7,5739.46,20.06804195804196,5739.46
17690,30,15,4726.8,18.757142857142856,4726.8
17691,358,2,290.40000000000003,15.28421052631579,290.40000000000003
17692,127,4,740.9399999999999,16.107391304347825,740.9399999999999
17693,137,1,200.47,12.529375,200.47
17694,142,1,283.12,18.874666666666666,283.12
17695,132,2,765.34,21.866857142857143,765.34
17696,38,8,2285.71,19.875739130434784,2285.71
17697,236,1,338.95,17.839473684210525,338.95
17698,261,1,154.95,19.36875,154.95
17700,17,4,2534.64,17.84957746478873,2534.64
17701,253,1,417.95,17.414583333333333,417.95
17702,30,4,1824.37,24.653648648648648,1824.37
17703,35,3,798.74,14.522545454545455,798.74
17704,169,2,885.19,28.554516129032258,885.19
17705,3,9,1823.52,17.70407766990291,1823.52
17706,4,17,10504.49,27.498664921465966,10504.49
17707,185,2,152.4,30.48,152.4
17708,188,2,263.33,7.744999999999999,263.33
17709,170,1,137.45,19.635714285714283,137.45
17711,11,2,385.1,16.743478260869566,385.1
17712,45,1,522.91,18.031379310344825,522.91
17714,321,1,153.0,15.3,153.0
17715,201,1,326.4,326.4,326.4
17716,23,11,5655.99,23.085673469387753,5655.99
17718,232,1,139.35,23.224999999999998,139.35
17719,38,15,5396.04,19.693576642335767,5396.04
17720,26,4,1195.94,23.9188,1195.94
17722,96,4,2424.04,21.078608695652175,2424.04
17723,127,6,3276.4000000000005,327.64000000000004,3276.4000000000005
17724,71,3,1033.0,25.825,1033.0
17725,16,11,3439.08,17.911875,3439.08
17727,15,1,1060.25,16.064393939393938,1060.25
17728,4,3,2876.01,17.430363636363637,2876.01
17730,3,13,5298.4800000000005,24.304954128440368,5298.4800000000005
17731,79,4,1240.11,18.509104477611938,1240.11
17732,373,1,303.97,16.887222222222224,303.97
17733,39,2,692.19,19.776857142857143,692.19
17734,54,3,700.63,16.293720930232556,700.63
17735,2,19,13110.02,19.000028985507246,13110.02
17736,9,3,377.44,15.0976,377.44
17737,9,2,168.24,16.824,168.24
17738,19,4,1879.05,19.371649484536082,1879.05
17739,12,7,2791.35,59.39042553191489,2791.35
17742,113,2,355.11,23.674,355.11
17744,4,6,2322.4,17.076470588235296,2322.4
17746,240,1,110.25,18.375,110.25
17747,113,1,71.4,71.4,71.4
17749,178,2,674.52,19.272,674.52
17750,5,9,1710.45,9.29592391304348,1710.45
17752,359,1,80.64,80.64,80.64
17754,1,5,1664.65,18.703932584269666,1664.65
17757,1,30,5593.39,7.558635135135136,5593.39
17758,19,8,3408.2000000000003,8.436138613861386,3408.2000000000003
17759,17,3,819.96,9.110666666666667,819.96
17760,22,2,287.59,11.503599999999999,287.59
17761,33,1,712.78,37.514736842105265,712.78
17763,263,1,15.0,15.0,15.0
17764,51,2,772.55,10.880985915492957,772.55
17765,159,3,367.63,6.564821428571428,367.63
17767,15,1,271.2,12.914285714285715,271.2
17768,8,3,2081.9,21.243877551020407,2081.9
17769,13,10,3957.43,13.017861842105262,3957.43
17770,199,5,1143.27,30.086052631578948,1143.27
17771,57,2,245.81,4.552037037037037,245.81
17772,11,2,173.45,3.469,173.45
17774,97,4,1213.73,7.932875816993464,1213.73
17775,255,1,56.4,18.8,56.4
17777,25,3,647.56,3.408210526315789,647.56
17779,21,3,650.32,8.028641975308643,650.32
17781,159,2,188.02,15.668333333333335,188.02
17783,72,2,283.47,4.23089552238806,283.47
17785,53,1,131.94,10.149230769230769,131.94
17786,85,2,266.85,3.9242647058823534,266.85
17787,153,4,1817.54,14.19953125,1817.54
17788,74,2,1117.9,223.58,1117.9
17789,281,1,225.9,16.135714285714286,225.9
17790,27,14,1964.3,10.393121693121692,1964.3
17791,30,1,106.1,10.61,106.1
17793,25,1,300.34,5.77576923076923,300.34
17795,180,2,342.83,7.618444444444444,342.83
17796,40,4,690.0,8.518518518518519,690.0
17797,22,3,780.43,7.0309009009009005,780.43
17799,22,10,3039.17,7.522698019801981,3039.17
17800,37,9,1187.21,11.526310679611651,1187.21
17802,82,3,1285.04,9.178857142857142,1285.04
17805,74,1,512.31,51.230999999999995,512.31
17806,11,1,546.04,12.698604651162789,546.04
17809,16,12,5411.91,88.71983606557377,5411.91
17811,4,39,7761.82,9.374178743961352,7761.82
17812,13,4,699.81,5.261729323308271,699.81
17813,14,5,1698.07,4.879511494252873,1698.07
17816,37,4,36.56,2.150588235294118,36.56
17817,4,3,387.68,11.747878787878788,387.68
17819,72,7,3704.87,77.18479166666667,3704.87
17824,51,1,298.4,22.95384615384615,298.4
17827,5,5,1987.33,9.24339534883721,1987.33
17828,23,4,1820.09,27.1655223880597,1820.09
17829,299,1,889.24,29.641333333333332,889.24
17830,2,3,398.7,17.33478260869565,398.7
17831,33,1,35.400000000000006,17.700000000000003,35.400000000000006
17832,50,1,155.37,2.547049180327869,155.37
17835,3,3,342.24,5.800677966101695,342.24
17836,47,1,110.21000000000001,4.592083333333334,110.21000000000001
17837,42,8,1541.23,9.513765432098765,1541.23
17838,27,5,2720.8,23.254700854700857,2720.8
17839,42,1,318.15,6.11826923076923,318.15
17841,2,124,40519.84,5.2787701928087545,40519.84
17843,303,1,205.48,5.553513513513513,205.48
17844,107,1,51.559999999999995,10.312,51.559999999999995
17846,85,1,2033.1,2033.1,2033.1
17848,81,9,901.1999999999999,17.670588235294115,901.1999999999999
17849,218,4,605.8000000000001,23.300000000000004,605.8000000000001
17850,372,34,5391.21,18.15222222222222,5391.21
17852,12,2,114.34,4.764166666666667,114.34
17854,185,2,311.26,20.750666666666667,311.26
17855,373,1,208.97,12.292352941176471,208.97
17856,2,4,1418.03,94.53533333333333,1418.03
17857,4,23,26879.04,497.76,26879.04
17858,6,12,5140.66,26.09472081218274,5140.66
17859,305,1,141.92000000000002,6.170434782608696,141.92000000000002
17860,369,1,226.45000000000002,4.354807692307693,226.45000000000002
17861,3,8,2097.88,9.579360730593608,2097.88
17862,324,1,330.9,30.08181818181818,330.9
17863,59,6,3160.0,21.35135135135135,3160.0
17864,13,3,554.85,6.165,554.85
17865,31,20,10526.32,28.449513513513512,10526.32
17866,143,1,329.65,36.62777777777777,329.65
17867,30,6,1157.8700000000001,17.027500000000003,1157.8700000000001
17869,107,5,428.18,10.7045,428.18
17870,2,12,1865.89,6.910703703703704,1865.89
17871,205,1,155.9,15.59,155.9
17873,80,5,1848.96,42.99906976744186,1848.96
17874,185,6,683.46,14.857826086956523,683.46
17877,170,1,237.61,19.800833333333333,237.61
17878,44,1,379.45,14.59423076923077,379.45
17879,174,1,178.51999999999998,29.75333333333333,178.51999999999998
17880,365,1,458.92,17.65076923076923,458.92
17881,304,1,133.35000000000002,16.668750000000003,133.35000000000002
17883,3,4,664.34,4.6784507042253525,664.34
17884,4,4,695.0699999999999,6.151061946902654,695.0699999999999
17885,12,1,156.34,2.949811320754717,156.34
17886,32,3,869.28,8.52235294117647,869.28
17887,129,1,111.35,11.135,111.35
17888,21,8,716.0,11.015384615384615,716.0
17889,212,2,201.37,10.0685,201.37
17890,323,2,586.89,6.449340659340659,586.89
17891,162,1,203.85999999999999,5.995882352941176,203.85999999999999
17892,56,3,244.1,8.717857142857143,244.1
17893,225,1,107.21,7.147333333333333,107.21
17894,72,8,1118.96,5.827916666666667,1118.96
17895,44,1,95.45,6.363333333333333,95.45
17896,23,1,256.32,128.16,256.32
17897,173,3,541.8100000000001,5.01675925925926,541.8100000000001
17898,85,2,152.06,5.430714285714286,152.06
17899,159,1,154.55,4.985483870967743,154.55
17900,190,2,112.19999999999999,18.7,112.19999999999999
17901,29,1,110.38,5.809473684210526,110.38
17904,21,1,181.07,5.325588235294117,181.07
17905,71,4,798.99,24.21181818181818,798.99
17906,247,1,72.9,6.075,72.9
17908,374,1,232.03,4.2968518518518515,232.03
17911,9,1,366.23,9.390512820512821,366.23
17912,310,5,310.06,8.38,310.06
17913,59,2,408.65,7.0456896551724135,408.65
17914,4,1,329.36,4.391466666666667,329.36
17917,45,3,335.03,3.6416304347826083,335.03
17919,88,1,1304.04,56.697391304347825,1304.04
17920,4,17,4119.5,6.1947368421052635,4119.5
17921,64,4,820.23,5.776267605633803,820.23
17923,282,1,207.50000000000003,207.50000000000003,207.50000000000003
17924,12,7,2962.5,95.56451612903226,2962.5
17925,373,1,244.08,244.08,244.08
17926,133,2,397.29,18.91857142857143,397.29
17928,45,2,212.54,9.240869565217391,212.54
17929,11,4,843.0,168.6,843.0
17930,36,5,1740.48,44.62769230769231,1740.48
17931,134,2,408.36,6.282461538461539,408.36
17932,29,3,1331.57,14.795222222222222,1331.57
17934,52,2,704.25,33.535714285714285,704.25
17935,138,2,145.79,5.027241379310345,145.79
17936,5,1,380.13,5.279583333333333,380.13
17937,9,7,4301.22,100.02837209302326,4301.22
17939,160,1,99.14,8.261666666666667,99.14
17940,49,10,4020.04,223.33555555555554,4020.04
17941,131,1,304.56,152.28,304.56
17942,8,1,77.50000000000001,38.75000000000001,77.50000000000001
17946,233,2,149.57999999999998,7.478999999999999,149.57999999999998
17947,37,1,176.68,19.63111111111111,176.68
17948,147,1,358.56000000000006,358.56000000000006,358.56000000000006
17949,1,45,58510.48,835.864,58510.48
17950,72,3,482.2,6.791549295774648,482.2
17951,40,3,1008.5400000000001,50.42700000000001,1008.5400000000001
17954,5,12,2314.13,4.851425576519916,2314.13
17955,199,4,557.3,29.331578947368417,557.3
17956,249,1,12.75,12.75,12.75
17957,66,1,111.68,3.6025806451612907,111.68
17958,117,1,508.4599999999999,72.63714285714285,508.4599999999999
17960,171,1,73.78,2.8376923076923077,73.78
17961,21,39,1296.44,5.206586345381527,1296.44
17962,142,1,102.41,3.0120588235294115,102.41
17964,32,2,463.21,4.726632653061224,463.21
17965,38,14,2599.19,7.997507692307693,2599.19
17966,38,5,1098.43,16.15338235294118,1098.43
17967,372,1,112.27,2.673095238095238,112.27
17968,374,1,265.1,3.27283950617284,265.1
17969,166,2,228.2,16.3,228.2
17970,211,1,562.79,19.40655172413793,562.79
17972,242,1,135.19,4.506333333333333,135.19
17973,52,1,337.04,22.469333333333335,337.04
17974,25,3,703.99,4.266606060606061,703.99
17975,15,13,4483.26,15.301228668941981,4483.26
17976,372,1,321.79,5.645438596491228,321.79
17977,29,1,288.14,13.72095238095238,288.14
17978,365,1,300.91999999999996,25.076666666666664,300.91999999999996
17979,36,4,732.41,5.30731884057971,732.41
17980,166,3,811.45,27.048333333333336,811.45
17984,145,1,152.68,3.1808333333333336,152.68
17985,22,1,631.35,30.064285714285717,631.35
17986,56,1,20.8,20.8,20.8
17987,185,1,198.57,15.274615384615384,198.57
17988,12,7,201.12,5.292631578947368,201.12
17990,237,3,630.84,21.753103448275862,630.84
17991,225,2,93.35,18.669999999999998,93.35
17994,122,4,674.89,8.542911392405063,674.89
17995,282,1,76.1,38.05,76.1
17997,74,8,1962.46,11.966219512195122,1962.46
17999,37,2,380.39,4.18010989010989,380.39
18001,12,2,415.13,7.282982456140351,415.13
18004,362,1,157.92,4.268108108108108,157.92
18005,4,2,226.47,4.273018867924528,226.47
18006,23,1,444.68,20.212727272727275,444.68
18008,70,9,2116.19,70.53966666666666,2116.19
18009,235,1,247.39,7.9803225806451605,247.39
18010,257,1,174.8,12.485714285714286,174.8
18011,373,1,102.78999999999999,3.671071428571428,102.78999999999999
18013,155,2,187.29,6.041612903225806,187.29
18014,28,1,162.22,5.407333333333333,162.22
18015,4,1,120.03,2.6093478260869567,120.03
18016,32,5,1477.66,12.111967213114754,1477.66
18017,81,3,523.0,174.33333333333334,523.0
18018,108,2,122.14,4.211724137931035,122.14
18019,52,1,38.45,7.69,38.45
18022,36,1,612.72,3.73609756097561,612.72
18024,153,2,389.78,18.56095238095238,389.78
18027,99,1,115.31,5.490952380952381,115.31
18030,4,2,230.64999999999998,25.627777777777776,230.64999999999998
18032,334,1,73.5,14.7,73.5
18033,65,1,93.82000000000001,2.8430303030303032,93.82000000000001
18034,22,2,418.68,3.8061818181818183,418.68
18035,36,3,713.89,14.569183673469388,713.89
18036,32,3,403.12,4.288510638297873,403.12
18037,154,6,70.02,3.685263157894737,70.02
18040,19,2,357.20000000000005,18.8,357.20000000000005
18041,12,21,4097.37,8.94622270742358,4097.37
18042,54,1,165.04999999999998,23.578571428571426,165.04999999999998
18043,25,3,529.29,4.6025217391304345,529.29
18044,4,10,2088.6,16.445669291338582,2088.6
18045,45,1,178.34,4.147441860465117,178.34
18048,203,2,172.29000000000002,24.612857142857145,172.29000000000002
18050,359,1,74.4,14.88,74.4
18053,71,1,300.02,15.001,300.02
18055,7,10,6761.34,18.88642458100559,6761.34
18056,288,1,363.65,19.139473684210525,363.65
18058,10,1,170.16,56.72,170.16
18059,23,3,306.46,17.025555555555556,306.46
18061,22,10,2119.41,46.0741304347826,2119.41
18062,173,3,720.52,26.685925925925925,720.52
18064,133,2,814.0,116.28571428571429,814.0
18065,6,14,2392.83,17.465912408759124,2392.83
18066,75,1,318.0,31.8,318.0
18067,40,1,396.33,10.711621621621621,396.33
18068,289,1,101.69999999999999,101.69999999999999,101.69999999999999
18069,26,5,2009.24,4.396586433260394,2009.24
18071,258,2,453.0,18.12,453.0
18072,186,1,247.44,13.746666666666666,247.44
18073,114,12,3859.82,53.60861111111112,3859.82
18074,374,1,489.6,37.66153846153846,489.6
18075,23,10,2611.75,18.392605633802816,2611.75
18077,8,11,2584.41,11.589282511210762,2584.41
18078,217,2,336.13,11.590689655172413,336.13
18079,45,4,3613.15,29.37520325203252,3613.15
18080,19,2,1231.5,615.75,1231.5
18081,36,3,343.45,20.20294117647059,343.45
18082,26,1,680.84,9.726285714285714,680.84
18084,16,1,90.47999999999999,90.47999999999999,90.47999999999999
18085,330,2,689.95,23.79137931034483,689.95
18086,274,1,101.34,14.477142857142857,101.34
18087,98,2,4055.7199999999993,2027.8599999999997,4055.7199999999993
18088,61,1,166.03,4.487297297297298,166.03
18092,2,11,9068.26,101.89056179775281,9068.26
18093,93,4,2106.52,58.51444444444444,2106.52
18094,82,7,3017.3,43.104285714285716,3017.3
18095,313,2,580.0500000000001,27.621428571428574,580.0500000000001
18096,12,3,849.06,4.331938775510204,849.06
18097,8,6,2662.4,25.116981132075473,2662.4
18099,127,1,168.31,8.858421052631579,168.31
18101,11,2,222.4,5.5600000000000005,222.4
18102,1,60,259657.3,602.45313225058,259657.3
18104,37,1,754.64,19.858947368421052,754.64
18105,38,1,113.48000000000002,6.304444444444446,113.48000000000002
18106,330,1,421.9,11.402702702702703,421.9
18108,254,1,271.0,15.941176470588236,271.0
18109,2,26,8004.92,18.151746031746033,8004.92
18110,20,1,198.8,5.372972972972973,198.8
18112,12,2,352.69,13.565,352.69
18113,369,1,76.32000000000001,76.32000000000001,76.32000000000001
18114,290,1,220.1,7.860714285714286,220.1
18116,68,8,1403.1100000000001,3.781967654986523,1403.1100000000001
18117,26,1,315.65,4.384027777777778,315.65
18118,11,26,5625.08,4.453745051464766,5625.08
18119,368,1,180.7,6.23103448275862,180.7
18120,214,1,111.15,6.538235294117648,111.15
18121,149,2,653.3,21.074193548387097,653.3
18122,8,6,1793.06,5.022577030812325,1793.06
18123,24,2,574.4399999999999,16.895294117647058,574.4399999999999
18125,30,4,1131.75,5.89453125,1131.75
18126,61,1,200.92000000000002,3.863846153846154,200.92000000000002
18127,19,3,347.08,7.545217391304347,347.08
18129,243,1,112.55000000000001,8.039285714285715,112.55000000000001
18130,15,3,1059.39,15.134142857142859,1059.39
18133,212,1,931.4999999999999,931.4999999999999,931.4999999999999
18135,29,5,681.9100000000001,34.0955,681.9100000000001
18136,63,3,784.33,20.640263157894736,784.33
18138,295,1,152.65,19.08125,152.65
18139,18,6,8438.34,53.07132075471698,8438.34
18142,157,2,1019.52,67.968,1019.52
18143,117,2,1000.16,16.396065573770493,1000.16
18144,8,12,2888.75,67.18023255813954,2888.75
18145,13,4,2861.55,12.94819004524887,2861.55
18146,141,2,160.35000000000002,16.035000000000004,160.35000000000002
18147,46,2,179.33999999999997,25.619999999999997,179.33999999999997
18149,51,3,612.0799999999999,38.254999999999995,612.0799999999999
18150,32,3,566.58,15.312972972972974,566.58
18151,135,2,653.35,17.193421052631578,653.35
18154,3,2,399.19,19.009047619047617,399.19
18155,75,3,371.62,14.8648,371.62
18156,13,2,675.64,5.538032786885246,675.64
18158,9,2,453.4,13.335294117647058,453.4
18159,301,1,530.15,23.05,530.15
18160,57,2,638.0600000000001,16.36051282051282,638.0600000000001
18161,15,5,1618.69,20.233625,1618.69
18164,37,1,399.65000000000003,16.652083333333334,399.65000000000003
18165,177,1,302.46000000000004,30.246000000000002,302.46000000000004
18167,23,3,1384.8600000000001,37.428648648648654,1384.8600000000001
18168,176,6,1160.04,8.923384615384615,1160.04
18169,61,1,202.65,22.516666666666666,202.65
18170,33,3,980.31,25.797631578947367,980.31
18171,59,5,1231.31,22.802037037037035,1231.31
18172,15,20,7561.68,40.00888888888889,7561.68
18173,87,4,2106.84,67.9625806451613,2106.84
18174,7,1,104.0,104.0,104.0
18176,358,1,476.35,15.878333333333334,476.35
18177,31,6,1340.8700000000001,18.368082191780825,1340.8700000000001
18178,129,4,1590.81,16.400103092783503,1590.81
18179,9,6,1793.17,19.924111111111113,1793.17
18180,5,6,1843.75,15.493697478991596,1843.75
18181,24,1,366.85,8.947560975609756,366.85
18183,227,2,632.07,17.082972972972975,632.07
18184,15,1,49.8,49.8,49.8
18185,249,1,304.25,17.897058823529413,304.25
18188,15,3,2001.04,28.183661971830986,2001.04
18189,78,2,1090.24,16.032941176470587,1090.24
18190,192,2,284.46000000000004,18.964000000000002,284.46000000000004
18191,262,1,207.79999999999998,29.685714285714283,207.79999999999998
18192,72,1,957.97,21.288222222222224,957.97
18193,165,1,243.76,15.235,243.76
18194,82,1,973.8399999999999,139.11999999999998,973.8399999999999
18196,95,2,686.63,4.93978417266187,686.63
18198,4,17,5425.56,34.12301886792453,5425.56
18200,106,1,150.35,5.011666666666667,150.35
18202,200,3,1396.99,20.543970588235293,1396.99
18203,157,1,160.42000000000002,8.443157894736842,160.42000000000002
18204,71,3,1975.35,10.288281249999999,1975.35
18205,36,2,517.36,16.1675,517.36
18209,29,1,139.10000000000002,17.387500000000003,139.10000000000002
18210,2,6,2621.38,19.562537313432838,2621.38
18211,26,5,600.07,14.287380952380953,600.07
18212,326,1,216.07,6.3549999999999995,216.07
18213,237,1,232.48000000000002,15.498666666666669,232.48000000000002
18215,89,1,299.34000000000003,23.02615384615385,299.34000000000003
18216,31,1,481.75,18.528846153846153,481.75
18217,29,2,621.75,20.056451612903224,621.75
18218,211,2,641.92,32.096,641.92
18219,3,10,2069.77,18.155877192982455,2069.77
18220,227,1,305.28000000000003,152.64000000000001,305.28000000000003
18221,22,5,1041.61,16.27515625,1041.61
18222,93,1,443.0,23.31578947368421,443.0
18223,5,14,6484.54,23.840220588235294,6484.54
18224,264,1,158.95000000000002,15.895000000000001,158.95000000000002
18225,3,12,5504.96,20.46453531598513,5504.96
18226,44,11,5228.05,21.603512396694217,5228.05
18227,218,1,93.75,18.75,93.75
18228,57,2,779.9,25.996666666666666,779.9
18229,12,20,7276.900000000001,44.37134146341464,7276.900000000001
18230,9,7,2810.2000000000003,32.67674418604651,2810.2000000000003
18231,192,5,2071.77,16.843658536585366,2071.77
18232,82,4,592.97,16.026216216216216,592.97
18233,326,1,440.0,440.0,440.0
18235,72,3,1796.48,17.273846153846154,1796.48
18236,30,6,882.24,18.004897959183673,882.24
18237,3,5,987.1,16.181967213114753,987.1
18239,219,5,1561.6100000000001,17.745568181818182,1561.6100000000001
18240,46,1,422.58,70.42999999999999,422.58
18241,10,17,2073.09,19.933557692307694,2073.09
18242,72,4,2232.4900000000002,28.62166666666667,2232.4900000000002
18245,7,7,2567.06,14.668914285714285,2567.06
18246,24,2,596.1,149.025,596.1
18248,123,2,804.02,17.1068085106383,804.02
18249,17,1,95.34,11.9175,95.34
18250,310,1,349.27,16.63190476190476,349.27
18251,87,1,4314.72,269.67,4314.72
18252,51,2,518.27,5.5135106382978725,518.27
18255,89,1,103.3,17.216666666666665,103.3
18257,39,8,2337.63,19.81042372881356,2337.63
18259,25,3,2338.6000000000004,55.68095238095239,2338.6000000000004
18260,173,6,2628.35,19.76203007518797,2628.35
18261,43,2,324.24,15.440000000000001,324.24
18262,140,1,149.48,11.498461538461537,149.48
18263,26,3,1213.1599999999999,19.887868852459015,1213.1599999999999
18265,72,2,801.51,17.424130434782608,801.51
18268,134,1,25.5,25.5,25.5
18269,366,1,168.6,24.085714285714285,168.6
18270,38,2,283.15,25.74090909090909,283.15
18272,3,6,3078.58,18.54566265060241,3078.58
18273,2,3,204.0,68.0,204.0
18274,30,1,175.92,15.992727272727272,175.92
18276,44,1,335.86,23.990000000000002,335.86
18277,58,1,110.38,13.7975,110.38
18278,74,1,173.9,19.322222222222223,173.9
18280,278,1,180.60000000000002,18.060000000000002,180.60000000000002
18281,181,1,80.82,11.545714285714284,80.82
18282,8,2,178.05,14.8375,178.05
18283,4,16,2045.53,2.8370735090152563,2045.53
18287,43,3,1837.28,26.24685714285714,1837.28
